Id,HHInsurance,CarLoan,PrevAttempts,call_time,Age_Group,LC_Seasons,LC_Month_Period,Time_Of_Day,DaysPassedLenth,Balance_status,Job_admin.,Job_blue-collar,Job_entrepreneur,Job_housemaid,Job_management,Job_retired,Job_self-employed,Job_services,Job_student,Job_technician,Job_unemployed,Outcome_failure,Outcome_no prevoius contact,Outcome_other,Outcome_success,CarInsurance
4001,1,1,0,2,4,1,2,0,1,1,1,0,0,0,0,0,0,0,0,0,0,0,1,0,0,wiil not buy insurance
4002,1,1,0,2,1,2,1,1,1,3,0,0,0,0,1,0,0,0,0,0,0,0,1,0,0,wiil not buy insurance
4003,1,1,0,2,1,1,2,2,1,3,0,0,0,0,1,0,0,0,0,0,0,0,1,0,0,wiil not buy insurance
4004,1,0,0,1,4,0,0,1,1,0,0,0,0,0,0,0,0,1,0,0,0,0,1,0,0,wiil not buy insurance
4005,1,0,0,2,3,3,0,0,1,0,0,0,0,0,0,0,0,0,0,1,0,0,1,0,0,wiil not buy insurance
4006,1,0,3,0,4,2,0,1,2,0,0,0,0,0,1,0,0,0,0,0,0,0,0,0,1,wiil buy insurance
4007,1,0,0,2,0,3,0,1,1,2,0,1,0,0,0,0,0,0,0,0,0,0,1,0,0,wiil not buy insurance
4008,1,0,3,1,3,1,0,1,2,1,0,0,0,0,1,0,0,0,0,0,0,1,0,0,0,wiil buy insurance
4009,1,0,0,1,3,1,1,0,1,1,0,0,0,0,1,0,0,0,0,0,0,0,1,0,0,wiil not buy insurance
4010,1,0,0,2,0,0,1,2,1,2,0,0,0,0,0,0,1,0,0,0,0,0,1,0,0,wiil not buy insurance
4011,1,0,0,1,1,2,2,2,1,1,0,0,0,0,0,0,1,0,0,0,0,0,1,0,0,wiil not buy insurance
4012,0,0,0,0,0,3,0,2,1,2,0,0,0,0,0,0,0,0,0,1,0,0,1,0,0,wiil buy insurance
4013,1,0,0,0,1,1,2,1,1,2,0,1,0,0,0,0,0,0,0,0,0,0,1,0,0,wiil buy insurance
4014,0,0,0,2,3,2,1,0,1,1,0,0,0,0,0,0,0,0,0,1,0,0,1,0,0,wiil not buy insurance
4015,1,0,0,2,4,1,1,1,1,1,0,0,0,0,1,0,0,0,0,0,0,0,1,0,0,wiil not buy insurance
4016,1,0,0,1,0,1,1,0,1,2,0,0,0,0,0,0,0,0,0,1,0,0,1,0,0,wiil not buy insurance
4017,0,1,0,1,3,2,0,1,1,1,0,0,0,1,0,0,0,0,0,0,0,0,1,0,0,wiil not buy insurance
4018,1,1,0,2,2,2,2,2,1,1,0,0,0,0,0,1,0,0,0,0,0,0,1,0,0,wiil not buy insurance
4019,0,0,5,2,1,1,2,1,0,0,0,0,0,0,0,0,1,0,0,0,0,1,0,0,0,wiil not buy insurance
4020,1,0,3,1,0,1,1,1,0,2,1,0,0,0,0,0,0,0,0,0,0,1,0,0,0,wiil buy insurance
4021,1,0,4,2,4,1,0,1,2,0,0,0,0,0,0,0,0,1,0,0,0,1,0,0,0,wiil not buy insurance
4022,0,0,0,1,2,2,1,0,1,3,0,0,0,0,0,1,0,0,0,0,0,0,1,0,0,wiil buy insurance
4023,0,0,0,2,1,2,0,0,1,1,0,0,0,0,1,0,0,0,0,0,0,0,1,0,0,wiil not buy insurance
4024,0,1,0,2,1,2,1,0,1,1,0,0,1,0,0,0,0,0,0,0,0,0,1,0,0,wiil not buy insurance
4025,1,0,0,2,0,3,0,2,1,3,1,0,0,0,0,0,0,0,0,0,0,0,1,0,0,wiil not buy insurance
4026,0,0,0,1,0,1,0,2,1,2,0,1,0,0,0,0,0,0,0,0,0,0,1,0,0,wiil not buy insurance
4027,1,0,0,2,0,0,1,2,1,1,0,0,0,0,1,0,0,0,0,0,0,0,1,0,0,wiil not buy insurance
4028,0,0,0,1,3,0,1,1,1,2,0,0,0,0,0,0,0,0,0,1,0,0,1,0,0,wiil buy insurance
4029,0,0,0,1,1,2,1,2,1,2,0,1,0,0,0,0,0,0,0,0,0,0,1,0,0,wiil not buy insurance
4030,0,1,0,2,1,2,0,1,1,1,1,0,0,0,0,0,0,0,0,0,0,0,1,0,0,wiil not buy insurance
4031,1,0,1,2,1,1,1,2,2,2,0,1,0,0,0,0,0,0,0,0,0,1,0,0,0,wiil not buy insurance
4032,1,0,0,1,0,1,1,0,1,2,0,0,0,0,0,0,0,0,0,1,0,0,1,0,0,wiil not buy insurance
4033,1,0,3,1,1,1,0,2,2,1,0,0,0,0,0,0,0,1,0,0,0,1,0,0,0,wiil not buy insurance
4034,0,0,0,1,0,2,1,1,1,1,0,0,0,0,0,0,0,0,0,1,0,0,1,0,0,wiil buy insurance
4035,1,0,0,2,1,1,2,1,1,0,0,1,0,0,0,0,0,0,0,0,0,0,1,0,0,wiil not buy insurance
4036,0,0,0,1,1,2,1,2,1,2,0,0,0,0,0,0,1,0,0,0,0,0,1,0,0,wiil buy insurance
4037,1,0,0,1,3,1,1,0,1,1,0,0,0,0,0,0,0,1,0,0,0,0,1,0,0,wiil not buy insurance
4038,0,0,3,1,2,3,2,2,0,1,0,0,0,0,0,1,0,0,0,0,0,1,0,0,0,wiil buy insurance
4039,1,0,1,1,1,2,2,1,2,1,0,1,0,0,0,0,0,0,0,0,0,0,0,1,0,wiil not buy insurance
4040,1,0,0,0,0,1,0,0,1,1,0,1,0,0,0,0,0,0,0,0,0,0,1,0,0,wiil buy insurance
4041,1,1,0,1,1,1,1,0,1,3,0,0,0,0,0,0,0,0,0,1,0,0,1,0,0,wiil not buy insurance
4042,1,0,0,0,3,2,0,0,1,3,0,1,0,0,0,0,0,0,0,0,0,0,1,0,0,wiil buy insurance
4043,1,0,0,2,0,1,0,1,1,1,0,1,0,0,0,0,0,0,0,0,0,0,1,0,0,wiil not buy insurance
4044,1,0,0,1,3,1,1,2,1,3,1,0,0,0,0,0,0,0,0,0,0,0,1,0,0,wiil not buy insurance
4045,1,1,7,1,0,1,1,1,0,1,0,0,0,0,0,0,0,0,0,1,0,1,0,0,0,wiil not buy insurance
4046,1,1,0,1,1,3,1,0,1,3,0,0,0,0,1,0,0,0,0,0,0,0,1,0,0,wiil not buy insurance
4047,0,0,2,1,2,2,1,1,2,1,0,0,0,0,0,1,0,0,0,0,0,1,0,0,0,wiil buy insurance
4048,0,1,0,1,2,2,0,0,1,2,0,1,0,0,0,0,0,0,0,0,0,0,1,0,0,wiil not buy insurance
4049,0,0,0,0,1,2,1,2,1,1,1,0,0,0,0,0,0,0,0,0,0,0,1,0,0,wiil buy insurance
4050,0,0,0,2,1,2,1,2,1,1,1,0,0,0,0,0,0,0,0,0,0,0,1,0,0,wiil not buy insurance
4051,0,0,0,1,0,2,2,2,1,1,0,0,0,0,0,0,0,0,0,1,0,0,1,0,0,wiil buy insurance
4052,1,1,2,1,0,1,2,1,2,1,1,0,0,0,0,0,0,0,0,0,0,1,0,0,0,wiil not buy insurance
4053,1,0,0,2,0,1,0,2,1,1,1,0,0,0,0,0,0,0,0,0,0,0,1,0,0,wiil not buy insurance
4054,0,0,0,2,0,3,0,2,1,1,0,0,0,0,1,0,0,0,0,0,0,0,1,0,0,wiil not buy insurance
4055,1,1,0,1,0,3,0,2,1,1,0,0,0,0,0,0,0,0,0,1,0,0,1,0,0,wiil not buy insurance
4056,0,0,3,1,2,0,0,0,0,1,0,0,0,0,0,1,0,0,0,0,0,1,0,0,0,wiil buy insurance
4057,1,0,0,2,2,2,1,2,1,2,1,0,0,0,0,0,0,0,0,0,0,0,1,0,0,wiil not buy insurance
4058,0,0,3,1,0,2,1,1,2,2,0,0,0,0,0,0,0,0,0,0,1,0,0,0,1,wiil buy insurance
4059,0,1,0,1,0,2,1,0,1,1,0,0,1,0,0,0,0,0,0,0,0,0,1,0,0,wiil not buy insurance
4060,1,1,0,0,0,2,0,1,1,1,0,0,0,0,0,0,1,0,0,0,0,0,1,0,0,wiil buy insurance
4061,0,0,1,1,0,3,2,2,2,0,0,0,0,0,1,0,0,0,0,0,0,0,0,0,1,wiil buy insurance
4062,1,0,0,0,1,1,2,1,1,2,0,1,0,0,0,0,0,0,0,0,0,0,1,0,0,wiil buy insurance
4063,1,1,0,1,4,1,2,1,1,1,0,0,0,0,0,0,0,1,0,0,0,0,1,0,0,wiil not buy insurance
4064,0,1,0,1,1,0,2,1,1,3,0,0,0,0,1,0,0,0,0,0,0,0,1,0,0,wiil not buy insurance
4065,0,0,0,2,1,2,1,2,1,2,0,0,0,0,1,0,0,0,0,0,0,0,1,0,0,wiil not buy insurance
4066,1,0,0,2,0,2,1,0,1,1,0,0,0,0,1,0,0,0,0,0,0,0,1,0,0,wiil not buy insurance
4067,0,1,3,1,1,1,0,0,2,2,0,0,0,0,0,1,0,0,0,0,0,1,0,0,0,wiil buy insurance
4068,1,0,0,2,0,2,0,2,1,2,0,0,0,0,0,0,0,0,0,1,0,0,1,0,0,wiil not buy insurance
4069,1,1,2,1,0,3,2,1,0,1,1,0,0,0,0,0,0,0,0,0,0,0,0,1,0,wiil not buy insurance
4070,0,0,4,2,1,1,1,0,0,2,0,0,0,0,1,0,0,0,0,0,0,0,0,0,1,wiil buy insurance
4071,0,0,0,2,3,2,1,1,1,1,0,0,0,0,0,0,0,0,0,1,0,0,1,0,0,wiil not buy insurance
4072,1,1,0,2,4,3,0,1,1,1,0,0,0,0,1,0,0,0,0,0,0,0,1,0,0,wiil not buy insurance
4073,1,0,0,1,0,2,1,0,1,3,0,0,0,0,1,0,0,0,0,0,0,0,1,0,0,wiil not buy insurance
4074,1,0,0,0,0,1,2,1,1,1,0,0,0,0,0,0,0,0,0,1,0,0,1,0,0,wiil buy insurance
4075,0,0,0,1,3,0,1,1,1,2,0,0,0,0,1,0,0,0,0,0,0,0,1,0,0,wiil buy insurance
4076,1,0,1,1,0,1,0,0,2,1,0,1,0,0,0,0,0,0,0,0,0,0,0,1,0,wiil not buy insurance
4077,1,0,2,2,3,3,1,1,2,1,0,0,0,0,0,0,0,0,0,1,0,1,0,0,0,wiil not buy insurance
4078,0,0,0,2,3,2,1,2,1,2,0,0,0,0,0,1,0,0,0,0,0,0,1,0,0,wiil not buy insurance
4079,1,0,3,1,0,0,0,2,0,3,1,0,0,0,0,0,0,0,0,0,0,0,0,0,1,wiil buy insurance
4080,0,1,0,2,3,2,1,1,1,3,0,0,0,0,0,0,0,1,0,0,0,0,1,0,0,wiil not buy insurance
4081,1,0,0,1,3,1,0,1,1,1,0,0,0,0,1,0,0,0,0,0,0,0,1,0,0,wiil not buy insurance
4082,0,0,0,2,1,2,0,0,1,2,0,0,0,0,1,0,0,0,0,0,0,0,1,0,0,wiil not buy insurance
4083,1,0,0,1,4,1,1,2,1,1,1,0,0,0,0,0,0,0,0,0,0,0,1,0,0,wiil not buy insurance
4084,0,0,1,1,0,0,1,1,2,0,0,0,0,0,1,0,0,0,0,0,0,0,0,0,1,wiil buy insurance
4085,1,1,6,1,4,3,1,2,0,1,1,0,0,0,0,0,0,0,0,0,0,0,0,0,1,wiil buy insurance
4086,1,0,0,1,1,1,2,1,1,0,0,1,0,0,0,0,0,0,0,0,0,0,1,0,0,wiil not buy insurance
4087,0,0,0,1,0,2,2,0,1,1,0,0,0,0,0,0,1,0,0,0,0,0,1,0,0,wiil buy insurance
4088,0,0,3,1,0,1,0,1,0,1,0,0,0,0,0,0,0,0,0,1,0,1,0,0,0,wiil buy insurance
4089,1,0,0,2,3,1,2,2,1,3,0,0,0,0,1,0,0,0,0,0,0,0,1,0,0,wiil not buy insurance
4090,0,1,0,1,4,2,0,1,1,1,0,1,0,0,0,0,0,0,0,0,0,0,1,0,0,wiil not buy insurance
4091,1,0,4,1,1,1,2,2,2,3,0,1,0,0,0,0,0,0,0,0,0,1,0,0,0,wiil not buy insurance
4092,0,0,0,2,0,2,1,0,1,1,0,1,0,0,0,0,0,0,0,0,0,0,1,0,0,wiil not buy insurance
4093,1,0,0,0,3,0,2,1,1,0,0,0,0,0,1,0,0,0,0,0,0,0,1,0,0,wiil buy insurance
4094,0,0,1,1,4,2,0,0,0,1,0,1,0,0,0,0,0,0,0,0,0,0,0,0,1,wiil buy insurance
4095,1,0,0,1,0,2,2,2,1,1,0,1,0,0,0,0,0,0,0,0,0,0,1,0,0,wiil not buy insurance
4096,1,0,1,1,0,1,2,1,2,2,0,0,0,0,1,0,0,0,0,0,0,1,0,0,0,wiil not buy insurance
4097,0,0,0,0,3,2,1,1,1,2,0,0,0,0,0,1,0,0,0,0,0,0,1,0,0,wiil buy insurance
4098,0,0,0,2,1,3,2,1,1,0,0,0,0,0,1,0,0,0,0,0,0,0,1,0,0,wiil not buy insurance
4099,0,1,0,1,4,2,0,2,1,1,1,0,0,0,0,0,0,0,0,0,0,0,1,0,0,wiil buy insurance
4100,0,0,8,0,0,1,2,2,2,1,0,1,0,0,0,0,0,0,0,0,0,1,0,0,0,wiil buy insurance
4101,1,1,0,2,1,1,1,2,1,3,0,0,0,0,1,0,0,0,0,0,0,0,1,0,0,wiil not buy insurance
4102,1,0,1,0,3,3,1,0,2,0,0,0,0,0,0,0,0,0,0,1,0,1,0,0,0,wiil buy insurance
4103,0,0,3,1,4,0,2,2,0,1,0,1,0,0,0,0,0,0,0,0,0,0,0,1,0,wiil buy insurance
4104,0,0,0,2,0,2,2,1,1,3,0,0,0,0,0,0,0,0,0,1,0,0,1,0,0,wiil not buy insurance
4105,1,0,0,2,1,0,1,1,1,0,0,1,0,0,0,0,0,0,0,0,0,0,1,0,0,wiil not buy insurance
4106,1,0,0,1,4,2,1,0,1,1,0,0,0,0,1,0,0,0,0,0,0,0,1,0,0,wiil not buy insurance
4107,1,0,0,2,0,1,1,1,1,1,0,0,0,0,1,0,0,0,0,0,0,0,1,0,0,wiil not buy insurance
4108,0,0,0,2,0,2,1,1,1,1,0,0,0,0,1,0,0,0,0,0,0,0,1,0,0,wiil not buy insurance
4109,1,1,2,1,1,1,0,1,2,2,1,0,0,0,0,0,0,0,0,0,0,0,0,1,0,wiil not buy insurance
4110,0,0,0,1,0,2,2,0,1,2,0,1,0,0,0,0,0,0,0,0,0,0,1,0,0,wiil not buy insurance
4111,1,0,4,1,0,1,0,2,0,2,0,0,0,0,1,0,0,0,0,0,0,1,0,0,0,wiil buy insurance
4112,0,0,0,1,0,2,2,1,1,2,1,0,0,0,0,0,0,0,0,0,0,0,1,0,0,wiil buy insurance
4113,1,0,0,1,0,1,2,0,1,3,0,0,0,0,0,0,0,1,0,0,0,0,1,0,0,wiil not buy insurance
4114,0,0,0,1,0,2,2,2,1,0,1,0,0,0,0,0,0,0,0,0,0,0,1,0,0,wiil buy insurance
4115,1,0,0,1,0,2,2,1,1,1,0,0,0,0,0,0,0,0,0,1,0,0,1,0,0,wiil not buy insurance
4116,0,0,10,1,0,2,1,1,2,0,0,0,0,0,0,0,0,0,1,0,0,1,0,0,0,wiil buy insurance
4117,0,0,0,1,0,2,2,1,1,1,0,1,0,0,0,0,0,0,0,0,0,0,1,0,0,wiil not buy insurance
4118,1,0,0,1,4,1,2,2,1,1,0,1,0,0,0,0,0,0,0,0,0,0,1,0,0,wiil not buy insurance
4119,1,0,0,2,1,2,2,1,1,3,0,1,0,0,0,0,0,0,0,0,0,0,1,0,0,wiil not buy insurance
4120,1,0,1,1,4,2,0,2,2,2,0,0,0,0,1,0,0,0,0,0,0,1,0,0,0,wiil not buy insurance
4121,0,0,0,1,4,1,1,1,1,2,0,0,0,0,0,0,0,0,0,0,1,0,1,0,0,wiil buy insurance
4122,1,0,0,2,3,1,0,1,1,2,0,1,0,0,0,0,0,0,0,0,0,0,1,0,0,wiil not buy insurance
4123,1,0,11,1,0,1,2,1,2,1,1,0,0,0,0,0,0,0,0,0,0,0,0,0,1,wiil buy insurance
4124,1,0,1,1,0,0,1,2,2,1,1,0,0,0,0,0,0,0,0,0,0,1,0,0,0,wiil buy insurance
4125,1,0,0,2,0,2,1,1,1,3,0,0,0,0,0,0,0,0,0,1,0,0,1,0,0,wiil not buy insurance
4126,0,0,0,2,0,2,2,0,1,1,0,0,0,0,1,0,0,0,0,0,0,0,1,0,0,wiil not buy insurance
4127,1,0,3,2,4,1,0,0,2,1,0,1,0,0,0,0,0,0,0,0,0,1,0,0,0,wiil not buy insurance
4128,0,0,1,2,4,3,1,1,0,1,0,0,0,0,0,0,0,0,0,1,0,0,0,1,0,wiil not buy insurance
4129,0,0,6,1,1,1,0,0,2,1,0,0,0,0,1,0,0,0,0,0,0,0,0,0,1,wiil buy insurance
4130,1,0,0,1,0,0,2,2,1,3,0,0,0,0,0,0,0,0,0,1,0,0,1,0,0,wiil not buy insurance
4131,0,0,1,1,1,2,0,1,0,1,0,0,0,0,0,0,0,0,0,1,0,0,0,0,1,wiil buy insurance
4132,1,0,0,1,0,1,2,2,1,1,0,0,0,0,0,0,0,1,0,0,0,0,1,0,0,wiil not buy insurance
4133,0,1,0,1,0,1,2,2,1,1,0,1,0,0,0,0,0,0,0,0,0,0,1,0,0,wiil not buy insurance
4134,0,0,2,2,1,0,1,1,0,2,0,0,0,0,0,0,0,0,0,1,0,0,0,0,1,wiil buy insurance
4135,1,0,0,2,1,2,1,1,1,1,0,0,0,0,0,0,0,0,0,1,0,0,1,0,0,wiil not buy insurance
4136,1,0,0,1,4,2,1,1,1,3,0,0,0,0,0,0,0,1,0,0,0,0,1,0,0,wiil not buy insurance
4137,0,0,0,1,4,0,0,2,1,2,0,0,0,0,0,0,0,0,0,0,1,0,1,0,0,wiil buy insurance
4138,1,0,0,1,1,1,0,0,1,1,0,0,0,0,0,0,1,0,0,0,0,0,1,0,0,wiil not buy insurance
4139,1,0,0,1,3,1,0,0,1,2,1,0,0,0,0,0,0,0,0,0,0,0,1,0,0,wiil not buy insurance
4140,0,0,0,2,4,2,2,1,1,2,0,0,0,0,0,0,1,0,0,0,0,0,1,0,0,wiil not buy insurance
4141,1,0,0,1,0,1,2,2,1,2,0,0,0,0,0,0,0,1,0,0,0,0,1,0,0,wiil not buy insurance
4142,1,1,5,2,1,1,2,0,0,0,1,0,0,0,0,0,0,0,0,0,0,0,0,1,0,wiil not buy insurance
4143,0,0,0,2,0,2,1,0,1,3,0,0,0,0,0,0,0,0,0,1,0,0,1,0,0,wiil not buy insurance
4144,1,0,0,1,0,1,0,0,1,2,0,0,0,0,0,0,1,0,0,0,0,0,1,0,0,wiil not buy insurance
4145,0,0,0,2,3,2,1,0,1,3,0,0,0,0,0,1,0,0,0,0,0,0,1,0,0,wiil not buy insurance
4146,0,0,0,2,1,2,0,2,1,1,0,0,0,0,0,0,0,0,0,1,0,0,1,0,0,wiil not buy insurance
4147,1,1,2,2,3,2,0,0,0,1,0,0,0,0,1,0,0,0,0,0,0,0,0,1,0,wiil not buy insurance
4148,1,0,0,2,0,2,2,1,1,2,0,0,0,0,1,0,0,0,0,0,0,0,1,0,0,wiil not buy insurance
4149,0,1,4,1,0,2,1,0,0,1,0,0,0,0,1,0,0,0,0,0,0,1,0,0,0,wiil buy insurance
4150,1,1,1,1,1,2,1,0,2,2,0,0,0,0,1,0,0,0,0,0,0,0,0,0,1,wiil buy insurance
4151,0,1,0,1,4,1,0,0,1,2,0,0,0,0,1,0,0,0,0,0,0,0,1,0,0,wiil buy insurance
4152,0,0,1,1,2,1,2,1,2,2,0,0,0,0,0,1,0,0,0,0,0,0,0,0,1,wiil buy insurance
4153,1,0,0,1,1,1,1,1,1,1,0,0,0,0,1,0,0,0,0,0,0,0,1,0,0,wiil not buy insurance
4154,0,0,0,1,0,2,1,1,1,1,0,0,0,0,0,0,0,0,0,1,0,0,1,0,0,wiil buy insurance
4155,0,1,0,0,1,2,1,1,1,1,0,0,0,0,0,0,0,1,0,0,0,0,1,0,0,wiil buy insurance
4156,1,0,0,1,1,0,1,2,1,1,0,0,1,0,0,0,0,0,0,0,0,0,1,0,0,wiil not buy insurance
4157,0,0,6,1,4,2,2,2,0,0,0,0,0,0,0,0,0,0,1,0,0,1,0,0,0,wiil buy insurance
4158,1,0,3,2,0,1,0,1,2,2,0,0,0,0,0,0,0,0,0,1,0,0,0,1,0,wiil not buy insurance
4159,0,0,0,2,3,2,2,1,1,1,0,0,0,0,0,0,0,0,0,1,0,0,1,0,0,wiil not buy insurance
4160,0,0,0,0,4,1,1,2,1,1,0,0,0,0,1,0,0,0,0,0,0,0,1,0,0,wiil buy insurance
4161,0,0,0,1,4,2,0,0,1,2,0,0,0,0,1,0,0,0,0,0,0,0,1,0,0,wiil buy insurance
4162,1,0,0,1,0,1,1,1,1,1,0,1,0,0,0,0,0,0,0,0,0,0,1,0,0,wiil not buy insurance
4163,1,0,0,1,0,1,0,1,1,3,0,1,0,0,0,0,0,0,0,0,0,0,1,0,0,wiil not buy insurance
4164,1,0,0,1,1,1,1,2,1,2,0,0,0,1,0,0,0,0,0,0,0,0,1,0,0,wiil not buy insurance
4165,1,0,0,2,1,0,2,2,1,3,0,0,0,0,1,0,0,0,0,0,0,0,1,0,0,wiil not buy insurance
4166,1,1,0,1,4,1,1,0,1,1,0,1,0,0,0,0,0,0,0,0,0,0,1,0,0,wiil not buy insurance
4167,1,0,0,1,0,2,1,1,1,0,0,0,0,0,0,0,0,1,0,0,0,0,1,0,0,wiil not buy insurance
4168,0,0,0,1,1,1,1,2,1,3,1,0,0,0,0,0,0,0,0,0,0,0,1,0,0,wiil buy insurance
4169,1,1,0,1,3,1,2,1,1,2,0,0,0,0,1,0,0,0,0,0,0,0,1,0,0,wiil not buy insurance
4170,1,0,0,1,1,2,1,1,1,1,0,0,0,0,0,0,0,1,0,0,0,0,1,0,0,wiil not buy insurance
4171,0,0,0,1,4,1,0,2,1,2,0,0,0,0,1,0,0,0,0,0,0,0,1,0,0,wiil buy insurance
4172,0,0,4,1,2,3,0,1,0,2,0,0,0,0,0,1,0,0,0,0,0,0,0,0,1,wiil buy insurance
4173,1,0,2,1,0,1,0,0,0,2,0,0,0,0,1,0,0,0,0,0,0,0,0,0,1,wiil buy insurance
4174,0,0,0,1,4,0,2,1,1,1,0,0,0,0,0,0,0,0,1,0,0,0,1,0,0,wiil buy insurance
4175,0,0,0,2,1,0,1,1,1,1,0,0,1,0,0,0,0,0,0,0,0,0,1,0,0,wiil not buy insurance
4176,0,0,0,2,4,2,0,1,1,1,0,1,0,0,0,0,0,0,0,0,0,0,1,0,0,wiil not buy insurance
4177,1,1,0,2,3,1,1,2,1,1,0,1,0,0,0,0,0,0,0,0,0,0,1,0,0,wiil not buy insurance
4178,1,0,0,2,0,1,0,1,1,1,0,0,0,0,0,0,0,1,0,0,0,0,1,0,0,wiil not buy insurance
4179,1,0,2,2,1,1,0,0,2,3,1,0,0,0,0,0,0,0,0,0,0,1,0,0,0,wiil not buy insurance
4180,1,0,0,1,0,1,1,1,1,1,1,0,0,0,0,0,0,0,0,0,0,0,1,0,0,wiil not buy insurance
4181,1,0,0,1,1,1,2,1,1,1,1,0,0,0,0,0,0,0,0,0,0,0,1,0,0,wiil not buy insurance
4182,1,0,0,2,2,1,2,0,1,1,0,0,0,0,0,1,0,0,0,0,0,0,1,0,0,wiil not buy insurance
4183,0,0,0,1,3,0,1,1,1,2,0,0,0,0,0,1,0,0,0,0,0,0,1,0,0,wiil buy insurance
4184,1,0,1,1,1,1,2,2,2,1,0,1,0,0,0,0,0,0,0,0,0,0,0,0,1,wiil buy insurance
4185,0,0,0,2,0,0,1,1,1,2,0,0,0,0,1,0,0,0,0,0,0,0,1,0,0,wiil not buy insurance
4186,1,0,0,2,1,1,0,1,1,3,0,1,0,0,0,0,0,0,0,0,0,0,1,0,0,wiil not buy insurance
4187,1,1,0,2,1,0,1,2,1,1,0,0,0,0,1,0,0,0,0,0,0,0,1,0,0,wiil not buy insurance
4188,1,0,0,1,0,1,1,2,1,1,1,0,0,0,0,0,0,0,0,0,0,0,1,0,0,wiil not buy insurance
4189,1,1,0,2,3,2,1,1,1,1,0,1,0,0,0,0,0,0,0,0,0,0,1,0,0,wiil not buy insurance
4190,1,0,4,1,1,3,0,1,2,1,0,1,0,0,0,0,0,0,0,0,0,0,0,1,0,wiil not buy insurance
4191,0,0,0,1,3,3,0,1,1,2,0,0,0,0,0,0,0,0,0,0,1,0,1,0,0,wiil buy insurance
4192,0,0,0,2,1,2,2,1,1,1,0,0,0,0,0,0,0,0,0,1,0,0,1,0,0,wiil not buy insurance
4193,1,0,0,2,0,0,1,2,1,3,1,0,0,0,0,0,0,0,0,0,0,0,1,0,0,wiil not buy insurance
4194,0,0,2,1,2,2,2,1,0,1,0,0,0,0,0,1,0,0,0,0,0,1,0,0,0,wiil buy insurance
4195,0,1,0,2,0,2,1,2,1,1,0,0,0,0,0,0,0,0,0,1,0,0,1,0,0,wiil not buy insurance
4196,1,0,0,0,0,1,0,1,1,2,0,0,0,0,0,0,0,0,0,0,1,0,1,0,0,wiil buy insurance
4197,1,0,2,1,3,1,2,0,2,2,0,0,0,0,0,0,0,1,0,0,0,1,0,0,0,wiil not buy insurance
4198,1,0,0,1,3,1,2,2,1,1,0,0,0,0,0,1,0,0,0,0,0,0,1,0,0,wiil not buy insurance
4199,1,1,1,1,0,1,0,1,2,3,0,1,0,0,0,0,0,0,0,0,0,1,0,0,0,wiil not buy insurance
4200,0,0,0,1,0,3,1,2,1,1,0,0,0,0,0,0,1,0,0,0,0,0,1,0,0,wiil not buy insurance
4201,0,0,0,2,0,1,0,2,1,2,0,0,0,0,0,0,0,0,0,1,0,0,1,0,0,wiil not buy insurance
4202,1,0,0,2,0,1,2,1,1,1,0,0,0,0,0,0,0,1,0,0,0,0,1,0,0,wiil not buy insurance
4203,0,0,1,1,0,1,2,2,2,2,0,0,0,0,1,0,0,0,0,0,0,0,0,0,1,wiil buy insurance
4204,1,0,4,1,0,1,0,2,2,1,1,0,0,0,0,0,0,0,0,0,0,0,0,0,1,wiil buy insurance
4205,1,0,4,1,0,1,0,2,0,1,0,0,0,0,0,0,0,0,0,1,0,0,0,0,1,wiil buy insurance
4206,1,0,0,2,0,2,0,1,1,3,0,0,0,0,0,0,0,0,0,1,0,0,1,0,0,wiil not buy insurance
4207,0,0,0,1,2,0,2,0,1,2,0,0,0,0,0,1,0,0,0,0,0,0,1,0,0,wiil buy insurance
4208,1,0,0,1,0,1,1,2,1,1,1,0,0,0,0,0,0,0,0,0,0,0,1,0,0,wiil not buy insurance
4209,1,0,0,2,3,1,0,0,1,1,0,0,0,0,0,0,0,0,0,0,1,0,1,0,0,wiil not buy insurance
4210,0,0,0,1,1,2,0,1,1,1,1,0,0,0,0,0,0,0,0,0,0,0,1,0,0,wiil buy insurance
4211,1,0,2,1,0,1,2,1,2,2,0,1,0,0,0,0,0,0,0,0,0,0,0,1,0,wiil not buy insurance
4212,1,0,0,1,4,3,1,2,1,2,0,0,0,0,0,0,0,0,0,1,0,0,1,0,0,wiil not buy insurance
4213,0,0,4,1,4,2,2,2,2,1,0,0,0,0,0,0,0,0,1,0,0,0,0,1,0,wiil buy insurance
4214,1,0,0,0,4,2,2,1,1,1,0,1,0,0,0,0,0,0,0,0,0,0,1,0,0,wiil buy insurance
4215,0,0,0,2,1,0,1,0,1,2,0,0,1,0,0,0,0,0,0,0,0,0,1,0,0,wiil not buy insurance
4216,1,0,0,0,1,2,2,1,1,2,0,1,0,0,0,0,0,0,0,0,0,0,1,0,0,wiil buy insurance
4217,1,0,0,1,0,2,0,1,1,3,0,0,0,0,1,0,0,0,0,0,0,0,1,0,0,wiil not buy insurance
4218,1,0,0,2,4,1,1,1,1,3,0,0,0,0,0,0,0,0,0,1,0,0,1,0,0,wiil not buy insurance
4219,0,0,0,1,0,2,0,1,1,2,0,0,0,0,1,0,0,0,0,0,0,0,1,0,0,wiil buy insurance
4220,1,0,0,2,4,2,2,2,1,1,1,0,0,0,0,0,0,0,0,0,0,0,1,0,0,wiil not buy insurance
4221,0,0,2,2,4,2,0,2,0,1,0,0,0,0,0,0,0,0,1,0,0,0,0,0,1,wiil buy insurance
4222,1,0,0,1,0,0,2,0,1,0,0,0,1,0,0,0,0,0,0,0,0,0,1,0,0,wiil not buy insurance
4223,0,0,0,1,3,2,2,0,1,2,0,0,0,0,0,1,0,0,0,0,0,0,1,0,0,wiil buy insurance
4224,1,0,0,0,0,1,2,1,1,1,0,0,0,0,1,0,0,0,0,0,0,0,1,0,0,wiil buy insurance
4225,1,0,0,2,0,1,0,1,1,2,0,0,0,0,1,0,0,0,0,0,0,0,1,0,0,wiil not buy insurance
4226,1,0,0,1,0,2,1,2,1,2,0,0,0,0,1,0,0,0,0,0,0,0,1,0,0,wiil not buy insurance
4227,0,0,0,1,4,1,2,1,1,1,0,1,0,0,0,0,0,0,0,0,0,0,1,0,0,wiil buy insurance
4228,1,0,0,2,1,1,0,2,1,1,0,0,0,0,1,0,0,0,0,0,0,0,1,0,0,wiil not buy insurance
4229,1,0,0,2,1,2,0,1,1,1,0,1,0,0,0,0,0,0,0,0,0,0,1,0,0,wiil not buy insurance
4230,1,0,8,2,1,2,0,1,0,2,0,0,0,0,0,0,0,0,0,1,0,0,0,0,1,wiil buy insurance
4231,0,0,0,1,3,1,0,1,1,1,0,0,0,0,0,0,0,0,0,1,0,0,1,0,0,wiil buy insurance
4232,0,0,0,1,1,1,0,1,1,1,0,1,0,0,0,0,0,0,0,0,0,0,1,0,0,wiil buy insurance
4233,0,0,13,2,0,3,0,0,0,1,0,0,0,0,0,0,0,0,1,0,0,0,0,1,0,wiil buy insurance
4234,0,0,1,1,0,2,1,2,2,2,0,0,0,0,0,0,0,0,1,0,0,1,0,0,0,wiil buy insurance
4235,1,0,1,2,0,0,1,1,0,1,0,0,0,0,0,0,0,0,0,1,0,1,0,0,0,wiil not buy insurance
4236,1,1,0,2,0,1,1,0,1,1,0,0,0,0,0,0,0,1,0,0,0,0,1,0,0,wiil not buy insurance
4237,1,0,0,2,0,1,1,0,1,1,0,0,0,0,0,0,0,0,0,1,0,0,1,0,0,wiil not buy insurance
4238,0,1,0,2,1,1,1,1,1,3,0,0,0,0,0,0,0,0,0,1,0,0,1,0,0,wiil not buy insurance
4239,1,0,0,2,1,1,2,1,1,2,0,1,0,0,0,0,0,0,0,0,0,0,1,0,0,wiil not buy insurance
4240,1,0,0,2,3,1,1,0,1,2,0,1,0,0,0,0,0,0,0,0,0,0,1,0,0,wiil not buy insurance
4241,0,0,0,1,1,3,1,2,1,3,0,0,0,0,0,0,0,1,0,0,0,0,1,0,0,wiil not buy insurance
4242,0,0,0,1,1,1,1,2,1,0,0,0,0,0,1,0,0,0,0,0,0,0,1,0,0,wiil buy insurance
4243,0,0,0,2,4,2,0,2,1,1,0,0,0,0,0,0,0,0,0,1,0,0,1,0,0,wiil not buy insurance
4244,0,0,0,2,3,0,1,1,1,1,0,0,0,0,1,0,0,0,0,0,0,0,1,0,0,wiil not buy insurance
4245,1,0,0,1,1,1,2,0,1,1,0,1,0,0,0,0,0,0,0,0,0,0,1,0,0,wiil not buy insurance
4246,0,0,1,1,3,1,1,0,2,1,0,0,0,0,1,0,0,0,0,0,0,1,0,0,0,wiil buy insurance
4247,0,1,0,1,3,0,1,1,1,2,0,0,0,0,0,0,0,0,0,1,0,0,1,0,0,wiil buy insurance
4248,1,0,6,1,3,1,2,1,0,1,0,0,0,0,0,0,0,0,0,1,0,0,0,0,1,wiil buy insurance
4249,0,0,1,1,1,0,0,1,2,2,0,0,0,0,0,0,0,0,1,0,0,0,0,0,1,wiil buy insurance
4250,1,0,0,1,0,1,2,1,1,1,0,1,0,0,0,0,0,0,0,0,0,0,1,0,0,wiil not buy insurance
4251,0,0,4,1,2,0,2,2,0,2,0,0,0,0,0,1,0,0,0,0,0,0,0,0,1,wiil buy insurance
4252,1,0,1,1,0,2,1,1,0,1,0,0,0,0,0,0,0,1,0,0,0,1,0,0,0,wiil not buy insurance
4253,0,0,0,2,0,2,1,1,1,1,0,0,0,0,0,0,0,0,0,1,0,0,1,0,0,wiil not buy insurance
4254,0,0,0,2,1,2,1,2,1,2,0,0,0,0,0,0,1,0,0,0,0,0,1,0,0,wiil not buy insurance
4255,1,0,0,2,0,1,0,0,1,2,0,0,0,0,1,0,0,0,0,0,0,0,1,0,0,wiil not buy insurance
4256,0,0,0,2,1,3,0,1,1,1,1,0,0,0,0,0,0,0,0,0,0,0,1,0,0,wiil not buy insurance
4257,1,0,5,1,3,3,2,2,0,1,0,0,0,0,0,0,0,0,0,1,0,1,0,0,0,wiil buy insurance
4258,0,0,0,1,3,2,0,0,1,2,0,0,0,0,1,0,0,0,0,0,0,0,1,0,0,wiil buy insurance
4259,1,0,5,1,3,1,2,2,2,1,0,1,0,0,0,0,0,0,0,0,0,1,0,0,0,wiil not buy insurance
4260,1,0,0,1,0,2,2,2,1,3,0,0,0,0,0,0,0,0,0,1,0,0,1,0,0,wiil not buy insurance
4261,1,0,0,0,0,1,0,2,1,2,0,0,0,0,0,0,1,0,0,0,0,0,1,0,0,wiil buy insurance
4262,0,0,0,2,1,0,1,0,1,1,0,0,0,0,0,0,0,0,0,0,1,0,1,0,0,wiil not buy insurance
4263,0,0,0,1,0,2,2,0,1,2,0,0,0,0,1,0,0,0,0,0,0,0,1,0,0,wiil buy insurance
4264,0,0,5,1,2,0,1,1,2,2,0,0,0,0,0,1,0,0,0,0,0,1,0,0,0,wiil buy insurance
4265,0,0,0,0,0,2,2,0,1,2,0,0,0,0,0,0,0,0,1,0,0,0,1,0,0,wiil buy insurance
4266,0,0,0,1,0,2,1,2,1,1,0,0,0,0,0,1,0,0,0,0,0,0,1,0,0,wiil buy insurance
4267,1,0,0,1,3,0,1,2,1,1,0,0,0,0,0,0,1,0,0,0,0,0,1,0,0,wiil not buy insurance
4268,1,0,0,1,3,1,1,2,1,1,0,0,1,0,0,0,0,0,0,0,0,0,1,0,0,wiil not buy insurance
4269,0,0,0,2,3,1,0,1,1,1,1,0,0,0,0,0,0,0,0,0,0,0,1,0,0,wiil not buy insurance
4270,0,0,4,1,0,2,2,2,2,2,0,0,1,0,0,0,0,0,0,0,0,1,0,0,0,wiil buy insurance
4271,0,0,0,2,2,1,2,2,1,0,0,0,0,0,0,1,0,0,0,0,0,0,1,0,0,wiil not buy insurance
4272,1,0,0,1,1,2,1,2,1,2,0,0,0,0,0,0,0,0,0,1,0,0,1,0,0,wiil not buy insurance
4273,1,1,0,1,0,0,2,2,1,1,0,1,0,0,0,0,0,0,0,0,0,0,1,0,0,wiil not buy insurance
4274,1,0,5,1,3,1,2,1,2,1,0,1,0,0,0,0,0,0,0,0,0,1,0,0,0,wiil not buy insurance
4275,1,0,0,0,0,1,0,2,1,1,0,1,0,0,0,0,0,0,0,0,0,0,1,0,0,wiil buy insurance
4276,1,0,0,1,1,2,2,1,1,1,0,1,0,0,0,0,0,0,0,0,0,0,1,0,0,wiil not buy insurance
4277,1,0,0,1,0,1,0,0,1,1,0,1,0,0,0,0,0,0,0,0,0,0,1,0,0,wiil not buy insurance
4278,0,1,0,2,4,2,2,2,1,1,1,0,0,0,0,0,0,0,0,0,0,0,1,0,0,wiil not buy insurance
4279,0,0,0,1,0,2,1,2,1,1,1,0,0,0,0,0,0,0,0,0,0,0,1,0,0,wiil buy insurance
4280,1,0,0,1,4,3,0,0,1,1,0,0,0,0,0,0,0,0,0,1,0,0,1,0,0,wiil not buy insurance
4281,1,0,0,1,0,1,2,2,1,2,0,1,0,0,0,0,0,0,0,0,0,0,1,0,0,wiil not buy insurance
4282,0,0,0,2,0,2,1,1,1,1,0,0,0,0,0,0,0,0,0,1,0,0,1,0,0,wiil not buy insurance
4283,0,0,1,1,4,3,2,0,0,2,0,0,0,0,0,0,0,0,1,0,0,0,0,0,1,wiil buy insurance
4284,1,1,0,1,0,1,0,1,1,1,0,1,0,0,0,0,0,0,0,0,0,0,1,0,0,wiil not buy insurance
4285,0,0,0,0,3,1,1,2,1,0,0,0,0,0,0,0,1,0,0,0,0,0,1,0,0,wiil buy insurance
4286,1,0,0,1,3,2,0,2,1,1,0,0,0,0,0,0,0,0,0,1,0,0,1,0,0,wiil not buy insurance
4287,0,0,4,1,1,0,1,2,0,0,0,0,0,0,0,0,0,1,0,0,0,0,0,1,0,wiil buy insurance
4288,1,0,0,2,1,1,2,1,1,0,0,0,0,0,1,0,0,0,0,0,0,0,1,0,0,wiil not buy insurance
4289,0,1,0,1,0,2,0,0,1,1,0,0,0,0,1,0,0,0,0,0,0,0,1,0,0,wiil not buy insurance
4290,0,0,0,2,0,2,0,0,1,2,0,0,0,0,1,0,0,0,0,0,0,0,1,0,0,wiil not buy insurance
4291,1,1,0,1,1,1,2,2,1,3,0,1,0,0,0,0,0,0,0,0,0,0,1,0,0,wiil not buy insurance
4292,1,0,0,0,0,2,2,1,1,1,0,0,0,0,0,0,0,1,0,0,0,0,1,0,0,wiil buy insurance
4293,0,0,0,2,2,1,1,1,1,0,0,0,0,0,0,1,0,0,0,0,0,0,1,0,0,wiil not buy insurance
4294,0,0,0,2,4,1,2,1,1,1,0,1,0,0,0,0,0,0,0,0,0,0,1,0,0,wiil not buy insurance
4295,0,0,3,2,1,3,0,1,0,2,1,0,0,0,0,0,0,0,0,0,0,0,0,0,1,wiil buy insurance
4296,0,0,3,2,0,3,0,1,0,1,1,0,0,0,0,0,0,0,0,0,0,0,0,1,0,wiil not buy insurance
4297,1,0,0,0,1,1,2,1,1,1,0,1,0,0,0,0,0,0,0,0,0,0,1,0,0,wiil buy insurance
4298,1,0,0,2,1,1,2,2,1,1,0,1,0,0,0,0,0,0,0,0,0,0,1,0,0,wiil not buy insurance
4299,0,0,5,1,4,3,2,0,2,1,0,0,0,0,0,0,0,0,1,0,0,0,0,0,1,wiil buy insurance
4300,1,0,0,2,0,0,1,0,1,2,0,0,0,0,0,0,0,0,0,1,0,0,1,0,0,wiil not buy insurance
4301,1,0,0,2,3,1,0,1,1,2,0,0,0,0,0,1,0,0,0,0,0,0,1,0,0,wiil not buy insurance
4302,1,0,16,2,1,1,0,1,2,0,0,0,0,0,1,0,0,0,0,0,0,1,0,0,0,wiil not buy insurance
4303,1,0,2,1,0,1,2,2,2,3,0,0,0,0,0,0,0,1,0,0,0,1,0,0,0,wiil not buy insurance
4304,0,0,0,2,0,2,0,2,1,3,0,0,1,0,0,0,0,0,0,0,0,0,1,0,0,wiil not buy insurance
4305,1,1,0,1,4,1,2,1,1,1,0,1,0,0,0,0,0,0,0,0,0,0,1,0,0,wiil not buy insurance
4306,0,0,0,1,0,0,1,2,1,2,0,0,0,0,0,0,1,0,0,0,0,0,1,0,0,wiil buy insurance
4307,0,0,2,1,3,3,2,1,2,2,1,0,0,0,0,0,0,0,0,0,0,0,0,0,1,wiil buy insurance
4308,0,0,0,2,1,2,2,0,1,0,1,0,0,0,0,0,0,0,0,0,0,0,1,0,0,wiil not buy insurance
4309,1,0,1,2,0,3,1,1,2,1,0,1,0,0,0,0,0,0,0,0,0,1,0,0,0,wiil not buy insurance
4310,1,0,0,2,0,1,0,1,1,3,0,0,0,0,1,0,0,0,0,0,0,0,1,0,0,wiil not buy insurance
4311,0,0,6,1,3,1,0,0,0,2,0,1,0,0,0,0,0,0,0,0,0,0,0,0,1,wiil buy insurance
4312,0,0,2,2,1,1,1,1,0,1,0,0,0,0,0,0,0,0,0,0,1,1,0,0,0,wiil not buy insurance
4313,1,0,0,0,1,2,0,2,1,3,0,0,0,0,1,0,0,0,0,0,0,0,1,0,0,wiil buy insurance
4314,0,0,3,2,0,3,0,2,0,1,1,0,0,0,0,0,0,0,0,0,0,0,0,0,1,wiil buy insurance
4315,1,0,0,2,0,1,2,1,1,1,0,0,0,0,0,0,0,1,0,0,0,0,1,0,0,wiil not buy insurance
4316,1,0,0,1,0,2,2,2,1,0,0,0,0,0,1,0,0,0,0,0,0,0,1,0,0,wiil not buy insurance
4317,0,1,0,1,3,2,0,2,1,1,0,0,0,0,0,0,0,0,0,1,0,0,1,0,0,wiil not buy insurance
4318,1,0,0,1,1,1,0,2,1,1,0,1,0,0,0,0,0,0,0,0,0,0,1,0,0,wiil not buy insurance
4319,0,0,0,1,2,2,0,2,1,2,0,0,0,0,1,0,0,0,0,0,0,0,1,0,0,wiil buy insurance
4320,0,0,0,1,2,2,0,1,1,2,0,0,0,0,1,0,0,0,0,0,0,0,1,0,0,wiil buy insurance
4321,0,0,0,1,0,2,2,2,1,2,0,0,0,0,0,0,0,0,0,1,0,0,1,0,0,wiil buy insurance
4322,1,0,0,1,1,1,1,1,1,3,0,0,0,0,0,0,0,1,0,0,0,0,1,0,0,wiil not buy insurance
4323,0,0,2,1,3,1,1,2,2,1,0,0,0,0,0,0,0,0,0,1,0,0,0,0,1,wiil buy insurance
4324,0,0,0,1,1,2,0,0,1,3,0,1,0,0,0,0,0,0,0,0,0,0,1,0,0,wiil not buy insurance
4325,1,1,0,1,1,1,2,1,1,1,0,0,0,0,0,0,0,0,0,0,1,0,1,0,0,wiil not buy insurance
4326,1,0,0,1,1,2,0,2,1,1,0,1,0,0,0,0,0,0,0,0,0,0,1,0,0,wiil not buy insurance
4327,0,0,0,1,4,1,1,1,1,1,0,0,0,0,0,0,0,0,0,1,0,0,1,0,0,wiil buy insurance
4328,1,0,0,1,0,0,1,1,1,1,0,1,0,0,0,0,0,0,0,0,0,0,1,0,0,wiil not buy insurance
4329,0,1,0,1,3,2,2,1,1,3,0,0,0,0,0,0,0,0,0,0,1,0,1,0,0,wiil buy insurance
4330,0,0,0,1,1,1,1,0,1,1,0,0,1,0,0,0,0,0,0,0,0,0,1,0,0,wiil buy insurance
4331,0,0,0,2,3,2,2,1,1,3,0,0,0,0,0,0,0,0,0,1,0,0,1,0,0,wiil not buy insurance
4332,1,0,0,0,0,1,0,1,1,2,1,0,0,0,0,0,0,0,0,0,0,0,1,0,0,wiil buy insurance
4333,0,0,0,2,3,3,1,2,1,2,0,0,0,0,1,0,0,0,0,0,0,0,1,0,0,wiil not buy insurance
4334,1,0,0,1,0,3,1,2,1,1,0,0,0,0,0,0,0,1,0,0,0,0,1,0,0,wiil not buy insurance
4335,0,0,1,1,0,2,2,2,0,2,0,0,0,0,1,0,0,0,0,0,0,1,0,0,0,wiil buy insurance
4336,1,0,0,1,1,1,0,2,1,3,0,0,0,0,0,0,0,1,0,0,0,0,1,0,0,wiil not buy insurance
4337,1,0,0,1,1,1,2,2,1,1,0,1,0,0,0,0,0,0,0,0,0,0,1,0,0,wiil not buy insurance
4338,1,1,0,2,0,1,1,1,1,1,0,1,0,0,0,0,0,0,0,0,0,0,1,0,0,wiil not buy insurance
4339,0,0,0,1,3,2,0,1,1,2,1,0,0,0,0,0,0,0,0,0,0,0,1,0,0,wiil buy insurance
4340,1,0,0,1,1,2,1,1,1,1,0,0,1,0,0,0,0,0,0,0,0,0,1,0,0,wiil not buy insurance
4341,1,0,0,1,0,1,1,1,1,1,0,1,0,0,0,0,0,0,0,0,0,0,1,0,0,wiil not buy insurance
4342,0,1,0,1,3,3,0,2,1,2,0,0,1,0,0,0,0,0,0,0,0,0,1,0,0,wiil not buy insurance
4343,1,0,0,2,0,1,1,2,1,2,0,0,0,0,0,0,0,0,0,1,0,0,1,0,0,wiil not buy insurance
4344,1,0,0,1,0,0,0,1,1,2,0,0,1,0,0,0,0,0,0,0,0,0,1,0,0,wiil not buy insurance
4345,1,0,0,1,1,1,0,1,1,1,0,0,0,0,1,0,0,0,0,0,0,0,1,0,0,wiil not buy insurance
4346,1,0,0,2,4,1,2,2,1,3,1,0,0,0,0,0,0,0,0,0,0,0,1,0,0,wiil not buy insurance
4347,0,0,0,2,3,0,1,0,1,1,0,0,0,0,0,0,0,0,0,0,1,0,1,0,0,wiil not buy insurance
4348,1,0,0,1,3,1,0,2,1,3,0,0,0,0,0,0,0,0,0,1,0,0,1,0,0,wiil not buy insurance
4349,0,0,0,1,0,2,2,1,1,3,1,0,0,0,0,0,0,0,0,0,0,0,1,0,0,wiil buy insurance
4350,0,0,0,1,4,1,2,2,1,1,0,0,0,0,0,0,1,0,0,0,0,0,1,0,0,wiil buy insurance
4351,0,0,0,2,0,2,1,2,1,1,1,0,0,0,0,0,0,0,0,0,0,0,1,0,0,wiil not buy insurance
4352,1,0,0,1,3,1,0,0,1,1,0,0,0,0,0,0,0,1,0,0,0,0,1,0,0,wiil not buy insurance
4353,1,0,0,2,3,0,2,1,1,0,0,0,0,0,1,0,0,0,0,0,0,0,1,0,0,wiil not buy insurance
4354,0,0,0,1,3,2,2,2,1,2,0,0,0,0,0,1,0,0,0,0,0,0,1,0,0,wiil buy insurance
4355,0,0,1,1,0,1,0,2,2,1,0,0,0,0,0,0,0,1,0,0,0,1,0,0,0,wiil buy insurance
4356,0,0,0,1,2,0,1,0,1,2,0,0,0,0,1,0,0,0,0,0,0,0,1,0,0,wiil buy insurance
4357,0,0,0,1,3,2,1,0,1,2,0,0,0,0,1,0,0,0,0,0,0,0,1,0,0,wiil buy insurance
4358,0,0,0,1,1,3,0,2,1,1,0,1,0,0,0,0,0,0,0,0,0,0,1,0,0,wiil not buy insurance
4359,0,0,9,1,2,2,0,2,0,2,0,0,0,0,0,1,0,0,0,0,0,1,0,0,0,wiil buy insurance
4360,1,0,0,2,4,1,2,2,1,3,0,0,0,0,0,0,0,0,1,0,0,0,1,0,0,wiil not buy insurance
4361,0,0,3,1,0,3,2,2,0,2,0,0,0,0,0,0,0,1,0,0,0,0,0,0,1,wiil buy insurance
4362,1,0,0,1,4,2,1,2,1,3,1,0,0,0,0,0,0,0,0,0,0,0,1,0,0,wiil not buy insurance
4363,0,0,0,2,2,2,0,0,1,0,0,0,0,0,1,0,0,0,0,0,0,0,1,0,0,wiil not buy insurance
4364,0,0,0,2,0,2,0,1,1,1,0,0,0,0,0,0,0,0,1,0,0,0,1,0,0,wiil not buy insurance
4365,0,1,4,1,3,2,2,1,0,1,0,1,0,0,0,0,0,0,0,0,0,0,0,0,1,wiil buy insurance
4366,1,0,0,2,1,1,1,2,1,1,0,0,0,0,1,0,0,0,0,0,0,0,1,0,0,wiil not buy insurance
4367,0,1,0,1,0,3,1,1,1,1,0,0,0,0,0,0,0,0,0,1,0,0,1,0,0,wiil not buy insurance
4368,0,0,1,2,1,2,2,0,0,0,0,0,0,0,1,0,0,0,0,0,0,1,0,0,0,wiil not buy insurance
4369,1,0,0,1,0,1,1,1,1,3,0,1,0,0,0,0,0,0,0,0,0,0,1,0,0,wiil not buy insurance
4370,0,0,2,2,2,0,0,1,0,0,0,0,0,0,0,0,1,0,0,0,0,1,0,0,0,wiil not buy insurance
4371,1,0,0,2,1,2,2,2,1,3,0,1,0,0,0,0,0,0,0,0,0,0,1,0,0,wiil not buy insurance
4372,1,0,0,2,0,0,2,1,1,1,0,0,0,0,0,0,0,1,0,0,0,0,1,0,0,wiil not buy insurance
4373,1,0,0,2,3,1,2,2,1,1,0,0,0,0,0,0,0,0,0,1,0,0,1,0,0,wiil not buy insurance
4374,1,0,0,1,1,2,2,2,1,2,0,0,0,0,0,0,0,0,0,0,1,0,1,0,0,wiil not buy insurance
4375,0,0,0,2,0,2,0,1,1,1,0,0,0,0,0,0,0,0,0,1,0,0,1,0,0,wiil not buy insurance
4376,0,0,2,1,0,0,2,0,0,0,0,0,0,0,0,0,0,0,0,1,0,0,0,0,1,wiil buy insurance
4377,0,0,0,1,1,2,2,0,1,3,0,0,0,0,1,0,0,0,0,0,0,0,1,0,0,wiil buy insurance
4378,1,0,0,1,0,1,2,0,1,3,0,1,0,0,0,0,0,0,0,0,0,0,1,0,0,wiil not buy insurance
4379,1,0,0,1,0,0,1,1,1,3,0,0,0,0,0,0,0,1,0,0,0,0,1,0,0,wiil not buy insurance
4380,0,0,0,2,0,0,1,2,1,1,0,0,0,0,1,0,0,0,0,0,0,0,1,0,0,wiil not buy insurance
4381,0,0,0,2,0,2,2,1,1,1,0,1,0,0,0,0,0,0,0,0,0,0,1,0,0,wiil not buy insurance
4382,0,0,0,1,3,2,2,2,1,1,0,1,0,0,0,0,0,0,0,0,0,0,1,0,0,wiil not buy insurance
4383,1,0,3,2,4,1,1,2,0,1,0,0,0,0,1,0,0,0,0,0,0,1,0,0,0,wiil not buy insurance
4384,1,0,0,2,3,1,1,0,1,2,0,0,0,0,1,0,0,0,0,0,0,0,1,0,0,wiil not buy insurance
4385,0,0,1,1,0,2,2,1,2,1,0,0,0,0,0,0,0,0,0,1,0,0,0,0,1,wiil buy insurance
4386,1,1,0,1,0,1,1,1,1,3,0,0,0,0,0,0,0,1,0,0,0,0,1,0,0,wiil not buy insurance
4387,0,0,0,1,1,0,2,2,1,2,0,0,0,0,0,0,1,0,0,0,0,0,1,0,0,wiil buy insurance
4388,1,0,0,2,1,2,1,0,1,2,0,0,0,0,0,0,0,0,0,1,0,0,1,0,0,wiil not buy insurance
4389,1,0,0,2,0,0,1,0,1,2,0,1,0,0,0,0,0,0,0,0,0,0,1,0,0,wiil not buy insurance
4390,0,0,0,2,3,1,1,1,1,1,0,0,0,0,1,0,0,0,0,0,0,0,1,0,0,wiil not buy insurance
4391,0,0,0,2,0,2,2,1,1,1,0,0,0,0,0,0,0,1,0,0,0,0,1,0,0,wiil not buy insurance
4392,1,1,0,0,4,1,2,0,1,1,0,0,0,0,0,0,0,0,0,1,0,0,1,0,0,wiil buy insurance
4393,1,1,0,1,0,0,1,1,1,0,0,0,0,0,1,0,0,0,0,0,0,0,1,0,0,wiil not buy insurance
4394,0,0,0,0,0,1,2,1,1,2,0,0,0,0,1,0,0,0,0,0,0,0,1,0,0,wiil buy insurance
4395,1,0,0,1,4,1,1,1,1,2,0,0,0,0,0,0,1,0,0,0,0,0,1,0,0,wiil not buy insurance
4396,1,0,0,1,0,1,2,0,1,2,0,0,1,0,0,0,0,0,0,0,0,0,1,0,0,wiil not buy insurance
4397,0,0,0,1,0,1,1,1,1,1,0,1,0,0,0,0,0,0,0,0,0,0,1,0,0,wiil not buy insurance
4398,0,0,1,2,4,2,2,2,0,2,1,0,0,0,0,0,0,0,0,0,0,1,0,0,0,wiil not buy insurance
4399,1,0,3,1,1,3,1,1,2,1,0,1,0,0,0,0,0,0,0,0,0,1,0,0,0,wiil not buy insurance
4400,1,0,2,1,0,1,0,0,2,2,0,0,0,0,0,0,0,1,0,0,0,0,0,1,0,wiil not buy insurance
4401,1,0,0,0,3,2,2,0,1,3,1,0,0,0,0,0,0,0,0,0,0,0,1,0,0,wiil buy insurance
4402,1,0,2,2,0,3,0,0,2,2,0,0,0,0,0,0,0,1,0,0,0,1,0,0,0,wiil not buy insurance
4403,1,0,0,0,4,2,2,0,1,1,0,0,0,0,1,0,0,0,0,0,0,0,1,0,0,wiil buy insurance
4404,0,1,0,2,0,2,2,1,1,1,0,0,0,0,0,0,0,1,0,0,0,0,1,0,0,wiil not buy insurance
4405,0,0,0,2,1,1,0,1,1,2,0,1,0,0,0,0,0,0,0,0,0,0,1,0,0,wiil not buy insurance
4406,0,0,0,2,1,0,1,1,1,2,0,0,0,0,1,0,0,0,0,0,0,0,1,0,0,wiil not buy insurance
4407,1,0,0,2,3,1,0,1,1,1,0,0,0,0,0,0,0,1,0,0,0,0,1,0,0,wiil not buy insurance
4408,0,0,0,1,0,0,0,2,1,2,0,0,0,0,1,0,0,0,0,0,0,0,1,0,0,wiil buy insurance
4409,1,1,0,2,4,1,2,1,1,2,0,0,0,0,0,0,0,1,0,0,0,0,1,0,0,wiil not buy insurance
4410,1,0,1,1,0,1,2,1,2,2,0,0,1,0,0,0,0,0,0,0,0,1,0,0,0,wiil not buy insurance
4411,0,0,1,2,4,2,1,0,0,1,0,0,0,0,0,0,0,0,1,0,0,1,0,0,0,wiil not buy insurance
4412,0,0,2,1,2,1,2,1,0,2,0,0,0,0,0,1,0,0,0,0,0,0,0,0,1,wiil buy insurance
4413,1,0,0,0,1,3,0,2,1,1,0,0,1,0,0,0,0,0,0,0,0,0,1,0,0,wiil buy insurance
4414,1,0,4,1,2,2,2,1,0,1,0,0,0,0,0,1,0,0,0,0,0,0,0,0,1,wiil buy insurance
4415,1,0,4,1,3,1,0,2,2,1,0,0,0,0,0,0,0,0,0,1,0,0,0,1,0,wiil buy insurance
4416,1,0,0,2,1,1,1,1,1,1,0,1,0,0,0,0,0,0,0,0,0,0,1,0,0,wiil not buy insurance
4417,0,0,0,0,1,2,2,1,1,2,0,0,0,0,0,0,0,0,0,0,1,0,1,0,0,wiil buy insurance
4418,1,0,0,2,0,1,1,1,1,1,0,1,0,0,0,0,0,0,0,0,0,0,1,0,0,wiil not buy insurance
4419,1,0,0,1,1,1,0,1,1,1,1,0,0,0,0,0,0,0,0,0,0,0,1,0,0,wiil not buy insurance
4420,1,0,0,1,0,1,2,1,1,2,0,0,0,0,1,0,0,0,0,0,0,0,1,0,0,wiil not buy insurance
4421,1,0,10,1,0,1,2,1,0,2,0,0,0,0,1,0,0,0,0,0,0,0,0,0,1,wiil buy insurance
4422,0,0,0,1,0,1,0,0,1,2,0,0,0,0,0,0,0,0,0,0,1,0,1,0,0,wiil buy insurance
4423,0,0,0,2,1,2,2,1,1,1,0,0,0,0,0,0,0,1,0,0,0,0,1,0,0,wiil not buy insurance
4424,0,0,2,1,4,2,2,1,0,2,0,1,0,0,0,0,0,0,0,0,0,0,0,0,1,wiil buy insurance
4425,1,0,0,2,0,1,0,2,1,1,0,0,0,0,0,0,0,0,0,1,0,0,1,0,0,wiil not buy insurance
4426,1,0,0,1,0,2,2,2,1,1,0,0,0,0,1,0,0,0,0,0,0,0,1,0,0,wiil not buy insurance
4427,1,1,0,2,1,2,1,1,1,3,0,0,0,0,0,0,0,0,0,1,0,0,1,0,0,wiil not buy insurance
4428,0,0,5,1,3,0,0,2,0,1,0,0,0,0,1,0,0,0,0,0,0,0,0,0,1,wiil buy insurance
4429,0,1,0,2,1,2,0,1,1,1,0,1,0,0,0,0,0,0,0,0,0,0,1,0,0,wiil not buy insurance
4430,0,0,0,1,1,1,0,1,1,2,0,1,0,0,0,0,0,0,0,0,0,0,1,0,0,wiil not buy insurance
4431,1,0,0,2,0,2,0,2,1,3,0,0,0,0,0,0,0,0,0,1,0,0,1,0,0,wiil not buy insurance
4432,1,0,0,1,0,1,0,1,1,0,0,0,0,0,1,0,0,0,0,0,0,0,1,0,0,wiil not buy insurance
4433,1,0,0,2,4,1,2,2,1,0,0,0,0,0,0,0,0,0,1,0,0,0,1,0,0,wiil not buy insurance
4434,1,0,0,1,0,1,1,2,1,1,0,0,0,0,0,0,0,1,0,0,0,0,1,0,0,wiil not buy insurance
4435,1,1,0,1,0,2,2,2,1,3,0,0,0,0,1,0,0,0,0,0,0,0,1,0,0,wiil not buy insurance
4436,1,0,2,2,1,1,2,1,2,2,0,0,0,0,0,0,0,1,0,0,0,1,0,0,0,wiil not buy insurance
4437,0,0,0,1,0,2,2,1,1,1,0,0,0,0,0,0,0,0,0,1,0,0,1,0,0,wiil buy insurance
4438,1,0,0,0,2,1,0,0,1,1,0,0,0,0,0,1,0,0,0,0,0,0,1,0,0,wiil buy insurance
4439,0,0,0,1,0,0,0,1,1,3,1,0,0,0,0,0,0,0,0,0,0,0,1,0,0,wiil buy insurance
4440,0,0,0,1,1,0,2,0,1,1,0,0,0,0,0,0,0,0,0,1,0,0,1,0,0,wiil buy insurance
4441,0,1,0,1,0,2,1,0,1,1,0,0,0,0,0,0,0,0,0,1,0,0,1,0,0,wiil not buy insurance
4442,1,1,4,1,4,0,0,1,0,1,1,0,0,0,0,0,0,0,0,0,0,0,0,0,1,wiil buy insurance
4443,1,1,1,2,0,1,0,0,2,3,0,0,0,0,1,0,0,0,0,0,0,0,0,1,0,wiil not buy insurance
4444,1,0,0,2,0,2,0,1,1,1,0,0,0,0,0,0,1,0,0,0,0,0,1,0,0,wiil not buy insurance
4445,1,0,0,1,1,1,2,1,1,1,1,0,0,0,0,0,0,0,0,0,0,0,1,0,0,wiil not buy insurance
4446,0,0,0,1,0,2,2,2,1,1,0,0,0,0,0,0,1,0,0,0,0,0,1,0,0,wiil buy insurance
4447,1,0,0,2,3,2,0,1,1,2,0,0,1,0,0,0,0,0,0,0,0,0,1,0,0,wiil not buy insurance
4448,0,0,0,2,0,2,1,0,1,0,0,0,0,1,0,0,0,0,0,0,0,0,1,0,0,wiil not buy insurance
4449,1,0,0,1,4,1,1,2,1,2,0,1,0,0,0,0,0,0,0,0,0,0,1,0,0,wiil not buy insurance
4450,0,0,3,0,4,2,2,0,2,2,0,0,0,0,1,0,0,0,0,0,0,0,0,0,1,wiil buy insurance
4451,0,0,0,2,2,2,2,0,1,2,0,0,0,0,1,0,0,0,0,0,0,0,1,0,0,wiil not buy insurance
4452,0,0,0,2,0,2,1,1,1,1,0,0,0,0,0,0,0,0,0,1,0,0,1,0,0,wiil not buy insurance
4453,1,1,0,0,1,1,2,2,1,1,0,1,0,0,0,0,0,0,0,0,0,0,1,0,0,wiil buy insurance
4454,1,0,3,0,0,1,0,2,0,1,0,0,0,0,1,0,0,0,0,0,0,0,0,1,0,wiil buy insurance
4455,0,0,0,2,0,2,2,1,1,2,0,0,0,0,0,0,1,0,0,0,0,0,1,0,0,wiil not buy insurance
4456,0,0,0,1,3,2,2,0,1,1,0,0,0,0,0,1,0,0,0,0,0,0,1,0,0,wiil buy insurance
4457,1,0,0,2,0,1,2,1,1,1,0,0,0,0,0,0,0,0,0,1,0,0,1,0,0,wiil not buy insurance
4458,1,0,0,2,0,1,2,1,1,1,1,0,0,0,0,0,0,0,0,0,0,0,1,0,0,wiil not buy insurance
4459,1,1,0,0,0,2,0,2,1,1,0,0,0,0,1,0,0,0,0,0,0,0,1,0,0,wiil buy insurance
4460,1,0,0,2,1,2,2,0,1,2,0,0,0,0,0,0,1,0,0,0,0,0,1,0,0,wiil not buy insurance
4461,0,0,0,2,0,2,2,2,1,1,0,0,0,0,1,0,0,0,0,0,0,0,1,0,0,wiil not buy insurance
4462,0,1,0,2,3,2,0,1,1,2,0,0,0,1,0,0,0,0,0,0,0,0,1,0,0,wiil not buy insurance
4463,0,0,0,2,0,2,1,1,1,1,1,0,0,0,0,0,0,0,0,0,0,0,1,0,0,wiil not buy insurance
4464,1,0,8,2,3,2,1,2,0,2,0,0,0,0,0,1,0,0,0,0,0,1,0,0,0,wiil not buy insurance
4465,0,0,0,1,2,1,0,0,1,2,0,0,0,0,0,1,0,0,0,0,0,0,1,0,0,wiil buy insurance
4466,0,0,0,2,1,2,1,1,1,2,0,0,0,0,1,0,0,0,0,0,0,0,1,0,0,wiil not buy insurance
4467,0,0,0,1,3,2,0,2,1,2,1,0,0,0,0,0,0,0,0,0,0,0,1,0,0,wiil buy insurance
4468,0,0,0,1,2,2,2,1,1,1,0,0,0,0,0,1,0,0,0,0,0,0,1,0,0,wiil buy insurance
4469,1,0,0,1,0,0,1,0,1,3,0,0,0,0,0,0,0,1,0,0,0,0,1,0,0,wiil not buy insurance
4470,1,0,0,0,0,1,0,1,1,0,0,0,0,0,1,0,0,0,0,0,0,0,1,0,0,wiil buy insurance
4471,0,0,0,1,4,2,0,2,1,2,0,0,0,1,0,0,0,0,0,0,0,0,1,0,0,wiil not buy insurance
4472,1,0,0,2,1,1,2,1,1,1,0,0,0,0,0,0,0,1,0,0,0,0,1,0,0,wiil not buy insurance
4473,1,0,0,2,3,2,0,1,1,1,0,0,0,0,0,0,1,0,0,0,0,0,1,0,0,wiil not buy insurance
4474,0,0,0,2,1,2,2,2,1,1,0,0,1,0,0,0,0,0,0,0,0,0,1,0,0,wiil not buy insurance
4475,1,0,1,1,0,2,2,2,2,1,0,0,0,0,0,0,0,0,0,1,0,0,0,0,1,wiil buy insurance
4476,0,0,1,1,1,2,0,1,0,2,0,0,0,0,1,0,0,0,0,0,0,1,0,0,0,wiil buy insurance
4477,1,0,0,1,4,1,1,1,1,2,0,0,0,0,0,0,0,0,0,1,0,0,1,0,0,wiil not buy insurance
4478,0,0,0,1,0,1,1,2,1,1,0,0,0,0,1,0,0,0,0,0,0,0,1,0,0,wiil buy insurance
4479,0,0,2,1,0,1,2,0,0,1,0,0,0,0,0,0,0,1,0,0,0,1,0,0,0,wiil buy insurance
4480,1,0,0,1,4,1,1,2,1,1,0,0,0,0,0,0,0,1,0,0,0,0,1,0,0,wiil not buy insurance
4481,0,0,0,2,0,3,0,1,1,1,0,0,0,0,1,0,0,0,0,0,0,0,1,0,0,wiil not buy insurance
4482,0,0,0,1,0,2,0,2,1,2,0,0,0,0,0,0,0,0,0,1,0,0,1,0,0,wiil buy insurance
4483,1,0,2,1,0,1,2,2,0,1,0,1,0,0,0,0,0,0,0,0,0,1,0,0,0,wiil not buy insurance
4484,1,0,4,2,1,1,2,1,2,3,1,0,0,0,0,0,0,0,0,0,0,1,0,0,0,wiil not buy insurance
4485,1,0,10,2,2,3,1,2,0,2,0,0,0,0,1,0,0,0,0,0,0,1,0,0,0,wiil not buy insurance
4486,0,0,0,2,3,1,0,1,1,0,0,0,0,0,0,0,0,0,0,1,0,0,1,0,0,wiil not buy insurance
4487,1,0,0,0,0,1,2,1,1,3,0,0,0,0,0,0,0,1,0,0,0,0,1,0,0,wiil buy insurance
4488,1,0,0,2,0,1,1,2,1,1,0,0,0,0,0,0,0,0,0,1,0,0,1,0,0,wiil not buy insurance
4489,1,0,3,2,0,3,0,2,2,2,0,0,0,0,1,0,0,0,0,0,0,0,0,1,0,wiil not buy insurance
4490,0,0,1,1,2,0,1,2,2,1,0,1,0,0,0,0,0,0,0,0,0,1,0,0,0,wiil buy insurance
4491,1,0,0,2,0,1,0,1,1,2,1,0,0,0,0,0,0,0,0,0,0,0,1,0,0,wiil not buy insurance
4492,1,0,12,2,1,3,0,2,2,1,0,1,0,0,0,0,0,0,0,0,0,1,0,0,0,wiil not buy insurance
4493,0,0,0,1,1,3,0,0,1,1,1,0,0,0,0,0,0,0,0,0,0,0,1,0,0,wiil buy insurance
4494,1,0,0,1,0,0,2,2,1,1,0,0,0,0,0,0,0,0,0,1,0,0,1,0,0,wiil not buy insurance
4495,0,0,0,1,4,2,0,0,1,1,1,0,0,0,0,0,0,0,0,0,0,0,1,0,0,wiil buy insurance
4496,1,0,0,1,0,1,2,1,1,1,0,1,0,0,0,0,0,0,0,0,0,0,1,0,0,wiil not buy insurance
4497,1,0,0,1,4,1,2,1,1,2,0,0,0,0,0,0,0,1,0,0,0,0,1,0,0,wiil not buy insurance
4498,1,0,1,2,3,2,0,0,2,1,0,0,0,0,0,0,0,0,0,1,0,0,0,0,1,wiil buy insurance
4499,0,0,2,2,1,1,1,0,2,2,0,0,0,0,0,0,0,0,0,1,0,1,0,0,0,wiil not buy insurance
4500,0,0,0,2,4,3,0,2,1,1,0,0,0,0,0,0,0,0,1,0,0,0,1,0,0,wiil not buy insurance
4501,1,0,0,1,0,1,0,2,1,3,0,0,0,0,0,0,1,0,0,0,0,0,1,0,0,wiil not buy insurance
4502,1,0,0,1,3,1,0,1,1,1,0,1,0,0,0,0,0,0,0,0,0,0,1,0,0,wiil not buy insurance
4503,0,0,0,1,0,3,0,1,1,1,0,0,0,0,1,0,0,0,0,0,0,0,1,0,0,wiil buy insurance
4504,0,0,0,1,4,1,1,1,1,2,0,0,0,0,1,0,0,0,0,0,0,0,1,0,0,wiil buy insurance
4505,0,0,0,2,2,1,0,2,1,1,0,0,0,0,0,0,1,0,0,0,0,0,1,0,0,wiil not buy insurance
4506,1,0,1,1,0,1,2,1,2,1,0,1,0,0,0,0,0,0,0,0,0,1,0,0,0,wiil not buy insurance
4507,1,0,0,0,0,1,0,2,1,1,0,0,0,0,0,0,1,0,0,0,0,0,1,0,0,wiil buy insurance
4508,1,0,0,1,0,1,2,1,1,2,0,1,0,0,0,0,0,0,0,0,0,0,1,0,0,wiil not buy insurance
4509,0,0,1,1,0,0,2,1,2,1,0,0,0,0,1,0,0,0,0,0,0,0,0,0,1,wiil buy insurance
4510,1,0,0,1,0,1,1,1,1,2,0,0,0,0,0,0,0,0,0,1,0,0,1,0,0,wiil not buy insurance
4511,1,0,0,1,0,2,1,1,1,2,0,0,0,0,1,0,0,0,0,0,0,0,1,0,0,wiil not buy insurance
4512,0,0,9,2,0,0,0,2,0,1,0,1,0,0,0,0,0,0,0,0,0,0,0,1,0,wiil not buy insurance
4513,0,0,1,2,1,3,0,0,0,1,0,0,0,0,0,0,0,0,0,1,0,0,0,1,0,wiil not buy insurance
4514,1,0,0,2,0,1,0,2,1,2,0,0,0,0,0,0,0,0,0,1,0,0,1,0,0,wiil not buy insurance
4515,1,0,0,2,1,1,1,2,1,1,0,1,0,0,0,0,0,0,0,0,0,0,1,0,0,wiil not buy insurance
4516,1,0,3,2,1,1,1,2,2,1,0,0,0,0,1,0,0,0,0,0,0,1,0,0,0,wiil not buy insurance
4517,0,0,1,2,1,2,1,2,2,1,0,0,0,0,1,0,0,0,0,0,0,0,0,1,0,wiil not buy insurance
4518,0,0,0,2,0,1,0,0,1,1,0,0,0,0,1,0,0,0,0,0,0,0,1,0,0,wiil not buy insurance
4519,0,0,3,1,3,0,1,2,0,0,0,0,0,0,1,0,0,0,0,0,0,0,0,0,1,wiil buy insurance
4520,0,0,0,1,0,2,1,1,1,1,0,0,0,0,0,0,0,0,0,1,0,0,1,0,0,wiil buy insurance
4521,0,0,0,1,3,2,1,1,1,1,0,0,0,0,0,1,0,0,0,0,0,0,1,0,0,wiil buy insurance
4522,0,1,0,2,0,2,2,1,1,1,0,0,0,0,1,0,0,0,0,0,0,0,1,0,0,wiil not buy insurance
4523,0,0,0,2,0,2,2,2,1,1,0,0,0,0,0,0,1,0,0,0,0,0,1,0,0,wiil not buy insurance
4524,0,0,4,1,0,3,1,0,0,0,0,0,0,0,0,0,0,0,0,1,0,1,0,0,0,wiil buy insurance
4525,1,0,0,2,0,1,0,2,1,1,0,0,0,0,0,0,1,0,0,0,0,0,1,0,0,wiil not buy insurance
4526,1,0,7,2,0,2,2,1,0,1,1,0,0,0,0,0,0,0,0,0,0,1,0,0,0,wiil not buy insurance
4527,0,0,0,1,1,2,0,2,1,1,1,0,0,0,0,0,0,0,0,0,0,0,1,0,0,wiil buy insurance
4528,1,0,0,2,1,0,2,1,1,1,0,0,0,0,0,0,0,0,0,1,0,0,1,0,0,wiil not buy insurance
4529,1,0,9,2,0,1,1,1,2,1,0,1,0,0,0,0,0,0,0,0,0,1,0,0,0,wiil not buy insurance
4530,1,0,3,1,0,1,0,0,2,3,1,0,0,0,0,0,0,0,0,0,0,1,0,0,0,wiil buy insurance
4531,0,0,0,2,3,0,1,1,1,2,0,1,0,0,0,0,0,0,0,0,0,0,1,0,0,wiil not buy insurance
4532,1,0,0,2,1,2,2,1,1,1,0,0,0,0,1,0,0,0,0,0,0,0,1,0,0,wiil not buy insurance
4533,1,1,0,2,0,1,1,1,1,1,0,1,0,0,0,0,0,0,0,0,0,0,1,0,0,wiil not buy insurance
4534,0,0,0,1,0,2,2,0,1,2,0,0,0,0,0,0,0,0,0,1,0,0,1,0,0,wiil buy insurance
4535,1,0,2,1,0,0,2,2,0,2,0,0,0,0,0,0,0,0,0,1,0,1,0,0,0,wiil buy insurance
4536,0,0,0,2,1,2,1,1,1,1,0,1,0,0,0,0,0,0,0,0,0,0,1,0,0,wiil not buy insurance
4537,1,0,1,2,0,1,0,2,2,1,0,1,0,0,0,0,0,0,0,0,0,0,0,0,1,wiil not buy insurance
4538,1,1,0,1,1,2,1,2,1,2,0,1,0,0,0,0,0,0,0,0,0,0,1,0,0,wiil not buy insurance
4539,1,0,0,2,1,2,1,0,1,1,1,0,0,0,0,0,0,0,0,0,0,0,1,0,0,wiil not buy insurance
4540,1,0,0,2,3,3,1,2,1,1,0,0,0,0,1,0,0,0,0,0,0,0,1,0,0,wiil not buy insurance
4541,1,0,0,2,3,1,2,2,1,2,0,1,0,0,0,0,0,0,0,0,0,0,1,0,0,wiil not buy insurance
4542,0,0,0,1,2,3,0,1,1,1,0,0,0,0,0,1,0,0,0,0,0,0,1,0,0,wiil buy insurance
4543,0,0,0,2,0,1,0,2,1,2,0,0,0,0,0,0,0,1,0,0,0,0,1,0,0,wiil not buy insurance
4544,1,0,0,0,2,1,0,0,1,1,0,0,0,0,0,0,0,0,0,1,0,0,1,0,0,wiil buy insurance
4545,1,1,0,2,3,2,1,1,1,2,1,0,0,0,0,0,0,0,0,0,0,0,1,0,0,wiil not buy insurance
4546,0,0,0,0,0,3,0,2,1,1,0,1,0,0,0,0,0,0,0,0,0,0,1,0,0,wiil buy insurance
4547,1,1,2,2,0,1,2,1,2,3,0,0,0,0,0,0,0,1,0,0,0,1,0,0,0,wiil not buy insurance
4548,0,0,0,2,3,2,1,2,1,1,0,0,0,0,1,0,0,0,0,0,0,0,1,0,0,wiil not buy insurance
4549,1,0,0,1,0,1,1,1,1,3,0,0,0,0,1,0,0,0,0,0,0,0,1,0,0,wiil not buy insurance
4550,1,0,1,1,1,1,2,2,2,1,0,0,0,0,0,0,0,1,0,0,0,1,0,0,0,wiil not buy insurance
4551,0,0,0,1,4,3,1,1,1,2,0,0,0,0,1,0,0,0,0,0,0,0,1,0,0,wiil buy insurance
4552,1,0,0,1,0,1,1,1,1,2,0,1,0,0,0,0,0,0,0,0,0,0,1,0,0,wiil not buy insurance
4553,0,0,1,1,3,3,2,0,2,0,0,0,0,0,0,1,0,0,0,0,0,0,0,0,1,wiil buy insurance
4554,0,1,0,2,0,2,0,1,1,1,0,0,0,0,1,0,0,0,0,0,0,0,1,0,0,wiil not buy insurance
4555,1,0,0,1,3,1,2,2,1,2,0,0,0,0,0,1,0,0,0,0,0,0,1,0,0,wiil not buy insurance
4556,0,0,0,2,0,0,1,2,1,1,0,0,0,0,1,0,0,0,0,0,0,0,1,0,0,wiil not buy insurance
4557,0,0,0,2,3,2,1,1,1,1,1,0,0,0,0,0,0,0,0,0,0,0,1,0,0,wiil not buy insurance
4558,0,0,0,1,0,2,1,2,1,1,0,0,0,0,1,0,0,0,0,0,0,0,1,0,0,wiil buy insurance
4559,0,0,1,1,4,2,0,2,0,1,0,0,0,0,0,0,0,0,0,1,0,1,0,0,0,wiil buy insurance
4560,0,0,0,0,3,2,1,2,1,2,1,0,0,0,0,0,0,0,0,0,0,0,1,0,0,wiil buy insurance
4561,1,1,0,2,0,1,2,0,1,2,0,0,0,0,1,0,0,0,0,0,0,0,1,0,0,wiil not buy insurance
4562,1,0,1,2,3,1,0,0,2,1,0,0,0,0,0,0,0,0,0,1,0,1,0,0,0,wiil not buy insurance
4563,1,0,0,1,3,1,2,0,1,3,0,0,0,0,1,0,0,0,0,0,0,0,1,0,0,wiil not buy insurance
4564,0,0,1,1,0,2,2,1,2,2,0,0,0,0,0,0,0,0,1,0,0,0,0,1,0,wiil buy insurance
4565,0,0,1,1,0,0,1,0,0,1,0,0,0,1,0,0,0,0,0,0,0,0,0,0,1,wiil buy insurance
4566,0,0,0,2,1,2,2,1,1,1,0,0,0,0,1,0,0,0,0,0,0,0,1,0,0,wiil not buy insurance
4567,1,0,0,1,0,1,2,1,1,1,0,0,0,0,1,0,0,0,0,0,0,0,1,0,0,wiil not buy insurance
4568,0,0,0,2,2,2,0,2,1,1,0,0,0,0,0,1,0,0,0,0,0,0,1,0,0,wiil not buy insurance
4569,1,0,0,1,4,2,1,2,1,1,0,0,0,0,0,0,0,0,0,1,0,0,1,0,0,wiil not buy insurance
4570,0,0,7,1,0,2,2,2,0,1,0,0,0,0,1,0,0,0,0,0,0,1,0,0,0,wiil buy insurance
4571,1,0,0,1,1,1,2,1,1,2,0,1,0,0,0,0,0,0,0,0,0,0,1,0,0,wiil not buy insurance
4572,0,0,2,1,0,2,2,2,0,1,0,0,0,0,1,0,0,0,0,0,0,0,0,0,1,wiil buy insurance
4573,0,0,1,1,1,1,1,2,0,1,0,0,0,0,1,0,0,0,0,0,0,0,0,0,1,wiil buy insurance
4574,0,0,0,2,1,2,0,1,1,1,0,0,0,0,0,0,0,1,0,0,0,0,1,0,0,wiil not buy insurance
4575,0,1,0,1,3,2,1,2,1,1,0,0,0,0,1,0,0,0,0,0,0,0,1,0,0,wiil not buy insurance
4576,0,0,0,2,1,2,1,1,1,1,0,0,0,0,0,0,0,0,0,1,0,0,1,0,0,wiil not buy insurance
4577,1,0,0,1,3,1,2,2,1,1,0,0,0,0,0,0,0,0,0,1,0,0,1,0,0,wiil not buy insurance
4578,0,0,1,1,2,2,2,0,2,2,0,0,0,0,0,1,0,0,0,0,0,1,0,0,0,wiil buy insurance
4579,1,0,0,1,3,1,2,1,1,2,0,1,0,0,0,0,0,0,0,0,0,0,1,0,0,wiil not buy insurance
4580,1,0,0,1,4,1,1,1,1,1,0,1,0,0,0,0,0,0,0,0,0,0,1,0,0,wiil not buy insurance
4581,0,0,0,0,3,2,1,1,1,2,0,0,0,0,0,0,0,0,0,0,1,0,1,0,0,wiil buy insurance
4582,0,0,0,2,4,2,2,2,1,1,0,0,0,0,1,0,0,0,0,0,0,0,1,0,0,wiil not buy insurance
4583,0,0,0,1,3,1,1,1,1,1,0,0,0,0,0,0,0,0,0,0,1,0,1,0,0,wiil buy insurance
4584,1,0,0,1,3,1,2,2,1,1,0,0,0,0,0,0,0,1,0,0,0,0,1,0,0,wiil not buy insurance
4585,1,0,1,2,0,1,2,2,2,1,0,1,0,0,0,0,0,0,0,0,0,0,0,1,0,wiil not buy insurance
4586,1,0,0,1,0,2,0,0,1,2,1,0,0,0,0,0,0,0,0,0,0,0,1,0,0,wiil not buy insurance
4587,0,1,0,1,0,2,0,1,1,2,1,0,0,0,0,0,0,0,0,0,0,0,1,0,0,wiil not buy insurance
4588,0,0,0,2,3,2,2,0,1,2,0,0,0,0,1,0,0,0,0,0,0,0,1,0,0,wiil not buy insurance
4589,0,0,0,2,3,2,1,0,1,2,0,0,0,0,0,0,0,0,0,1,0,0,1,0,0,wiil not buy insurance
4590,1,0,1,1,0,0,1,2,2,2,0,0,0,1,0,0,0,0,0,0,0,0,0,1,0,wiil not buy insurance
4591,1,0,0,1,3,2,0,0,1,2,0,0,1,0,0,0,0,0,0,0,0,0,1,0,0,wiil not buy insurance
4592,0,0,0,1,1,2,2,1,1,2,1,0,0,0,0,0,0,0,0,0,0,0,1,0,0,wiil buy insurance
4593,1,0,0,1,3,0,2,1,1,0,0,0,0,0,1,0,0,0,0,0,0,0,1,0,0,wiil buy insurance
4594,0,0,2,1,0,1,1,1,0,1,0,0,0,0,1,0,0,0,0,0,0,0,0,0,1,wiil buy insurance
4595,0,0,0,1,0,1,1,1,1,1,0,0,0,0,1,0,0,0,0,0,0,0,1,0,0,wiil buy insurance
4596,1,0,0,1,0,0,1,2,1,2,0,0,0,0,1,0,0,0,0,0,0,0,1,0,0,wiil not buy insurance
4597,1,0,0,1,0,1,1,0,1,2,0,0,0,0,1,0,0,0,0,0,0,0,1,0,0,wiil not buy insurance
4598,0,0,0,2,1,2,2,2,1,2,0,0,0,0,0,0,0,0,0,1,0,0,1,0,0,wiil not buy insurance
4599,1,0,0,2,1,1,2,1,1,1,0,0,0,0,0,0,0,0,0,1,0,0,1,0,0,wiil not buy insurance
4600,0,0,0,2,1,2,2,2,1,3,0,0,0,0,1,0,0,0,0,0,0,0,1,0,0,wiil not buy insurance
4601,0,0,0,1,2,3,2,0,1,2,0,0,0,0,0,1,0,0,0,0,0,0,1,0,0,wiil buy insurance
4602,0,0,2,1,4,3,1,0,2,1,0,0,0,0,0,0,0,0,1,0,0,0,0,1,0,wiil buy insurance
4603,0,0,0,2,1,2,2,1,1,0,0,0,0,0,1,0,0,0,0,0,0,0,1,0,0,wiil not buy insurance
4604,1,0,0,2,3,1,2,1,1,1,1,0,0,0,0,0,0,0,0,0,0,0,1,0,0,wiil not buy insurance
4605,1,0,2,2,0,1,1,1,2,1,1,0,0,0,0,0,0,0,0,0,0,0,0,1,0,wiil not buy insurance
4606,0,0,1,1,4,2,2,1,0,1,0,1,0,0,0,0,0,0,0,0,0,0,0,0,1,wiil buy insurance
4607,0,0,0,2,4,1,0,2,1,2,0,0,0,0,1,0,0,0,0,0,0,0,1,0,0,wiil not buy insurance
4608,0,0,0,0,1,2,2,1,1,1,0,0,0,0,1,0,0,0,0,0,0,0,1,0,0,wiil buy insurance
4609,0,0,1,1,0,3,0,2,0,1,0,0,0,0,0,0,0,0,0,0,1,1,0,0,0,wiil buy insurance
4610,1,0,5,1,4,1,0,1,0,2,0,0,0,0,0,0,0,0,0,1,0,1,0,0,0,wiil buy insurance
4611,1,0,0,2,4,2,0,1,1,2,0,0,0,0,0,0,0,0,0,0,1,0,1,0,0,wiil not buy insurance
4612,1,0,0,2,0,3,1,0,1,1,0,1,0,0,0,0,0,0,0,0,0,0,1,0,0,wiil not buy insurance
4613,0,0,5,2,0,0,2,2,0,0,0,0,0,0,1,0,0,0,0,0,0,1,0,0,0,wiil not buy insurance
4614,1,0,0,2,3,2,0,1,1,3,0,0,0,1,0,0,0,0,0,0,0,0,1,0,0,wiil not buy insurance
4615,0,0,0,1,4,2,0,2,1,1,0,1,0,0,0,0,0,0,0,0,0,0,1,0,0,wiil not buy insurance
4616,0,0,1,1,1,1,0,2,2,2,0,0,0,0,1,0,0,0,0,0,0,1,0,0,0,wiil buy insurance
4617,0,0,0,0,2,0,2,2,1,1,0,0,0,0,0,1,0,0,0,0,0,0,1,0,0,wiil buy insurance
4618,0,1,10,2,1,1,2,2,2,2,0,1,0,0,0,0,0,0,0,0,0,0,0,1,0,wiil not buy insurance
4619,1,0,0,2,0,2,1,2,1,3,1,0,0,0,0,0,0,0,0,0,0,0,1,0,0,wiil not buy insurance
4620,1,0,0,1,4,2,0,1,1,1,0,0,0,0,1,0,0,0,0,0,0,0,1,0,0,wiil not buy insurance
4621,0,1,0,1,4,3,1,1,1,1,0,0,0,0,1,0,0,0,0,0,0,0,1,0,0,wiil not buy insurance
4622,1,1,0,1,0,2,0,2,1,1,1,0,0,0,0,0,0,0,0,0,0,0,1,0,0,wiil not buy insurance
4623,0,0,5,1,2,3,1,0,2,2,0,0,0,0,0,1,0,0,0,0,0,0,0,0,1,wiil buy insurance
4624,1,0,11,2,1,1,2,1,2,1,0,1,0,0,0,0,0,0,0,0,0,0,0,1,0,wiil not buy insurance
4625,1,0,0,1,0,0,1,1,1,0,1,0,0,0,0,0,0,0,0,0,0,0,1,0,0,wiil not buy insurance
4626,1,0,0,2,1,1,0,2,1,1,0,0,0,0,0,0,0,1,0,0,0,0,1,0,0,wiil not buy insurance
4627,1,0,0,2,0,1,0,1,1,1,1,0,0,0,0,0,0,0,0,0,0,0,1,0,0,wiil not buy insurance
4628,1,0,3,1,0,1,2,1,0,2,0,0,0,0,0,0,0,0,0,1,0,0,0,1,0,wiil buy insurance
4629,0,0,0,1,4,1,0,1,1,1,0,0,0,0,0,0,0,0,1,0,0,0,1,0,0,wiil buy insurance
4630,0,0,0,0,3,2,2,0,1,2,0,0,0,0,0,0,0,0,0,1,0,0,1,0,0,wiil buy insurance
4631,0,0,2,2,0,0,2,1,0,2,0,0,0,0,1,0,0,0,0,0,0,0,0,0,1,wiil buy insurance
4632,0,0,2,2,4,1,1,1,2,2,0,0,0,0,0,0,1,0,0,0,0,0,0,0,1,wiil buy insurance
4633,0,0,0,2,1,2,2,2,1,1,0,1,0,0,0,0,0,0,0,0,0,0,1,0,0,wiil not buy insurance
4634,0,0,0,1,3,1,1,2,1,1,0,0,0,0,0,0,0,0,0,0,1,0,1,0,0,wiil buy insurance
4635,1,0,0,2,0,2,2,0,1,3,0,0,0,0,0,0,1,0,0,0,0,0,1,0,0,wiil not buy insurance
4636,1,0,0,2,1,0,1,1,1,0,0,0,0,0,0,0,1,0,0,0,0,0,1,0,0,wiil not buy insurance
4637,0,0,0,2,0,1,2,2,1,2,0,0,0,0,1,0,0,0,0,0,0,0,1,0,0,wiil not buy insurance
4638,1,0,1,1,4,1,1,1,0,2,0,0,0,0,0,0,0,1,0,0,0,0,0,0,1,wiil buy insurance
4639,1,0,0,2,0,0,2,2,1,3,0,0,0,0,0,0,0,0,0,0,1,0,1,0,0,wiil not buy insurance
4640,1,0,3,2,3,1,2,1,2,1,0,1,0,0,0,0,0,0,0,0,0,0,0,1,0,wiil not buy insurance
4641,0,0,0,1,0,2,0,2,1,2,0,0,0,0,0,0,1,0,0,0,0,0,1,0,0,wiil buy insurance
4642,1,0,0,1,1,0,1,1,1,3,0,1,0,0,0,0,0,0,0,0,0,0,1,0,0,wiil not buy insurance
4643,0,0,0,2,3,2,2,1,1,1,0,0,0,0,0,0,0,0,0,0,1,0,1,0,0,wiil not buy insurance
4644,0,0,0,1,1,2,0,2,1,0,0,0,0,0,1,0,0,0,0,0,0,0,1,0,0,wiil buy insurance
4645,1,0,1,1,0,1,1,1,2,1,0,1,0,0,0,0,0,0,0,0,0,0,0,1,0,wiil not buy insurance
4646,1,0,0,2,0,3,2,2,1,3,0,0,0,0,1,0,0,0,0,0,0,0,1,0,0,wiil not buy insurance
4647,1,0,0,1,1,0,1,2,1,2,0,0,0,0,1,0,0,0,0,0,0,0,1,0,0,wiil not buy insurance
4648,0,0,0,2,3,2,0,2,1,1,0,0,0,0,0,0,0,0,0,1,0,0,1,0,0,wiil not buy insurance
4649,1,0,0,2,0,2,2,1,1,3,0,0,0,0,0,0,0,1,0,0,0,0,1,0,0,wiil not buy insurance
4650,0,0,1,2,4,2,0,1,0,1,0,1,0,0,0,0,0,0,0,0,0,0,0,0,1,wiil buy insurance
4651,1,0,0,2,3,1,1,1,1,1,0,0,0,0,0,0,1,0,0,0,0,0,1,0,0,wiil not buy insurance
4652,0,0,0,0,1,1,1,2,1,1,0,0,0,0,0,0,0,0,0,1,0,0,1,0,0,wiil buy insurance
4653,1,1,4,2,0,1,0,1,2,3,0,1,0,0,0,0,0,0,0,0,0,1,0,0,0,wiil not buy insurance
4654,0,1,0,1,4,2,2,2,1,3,0,0,0,0,0,0,0,1,0,0,0,0,1,0,0,wiil not buy insurance
4655,0,0,0,1,3,2,2,0,1,2,0,0,0,0,0,1,0,0,0,0,0,0,1,0,0,wiil buy insurance
4656,1,0,0,1,1,2,2,2,1,0,0,1,0,0,0,0,0,0,0,0,0,0,1,0,0,wiil not buy insurance
4657,1,0,0,2,2,2,1,0,1,1,0,0,0,0,0,1,0,0,0,0,0,0,1,0,0,wiil not buy insurance
4658,1,0,0,2,1,1,2,1,1,2,0,0,0,0,0,0,0,1,0,0,0,0,1,0,0,wiil not buy insurance
4659,0,0,0,1,0,2,1,0,1,1,0,0,0,0,0,0,0,0,0,0,1,0,1,0,0,wiil buy insurance
4660,1,0,0,0,4,1,2,1,1,0,0,1,0,0,0,0,0,0,0,0,0,0,1,0,0,wiil buy insurance
4661,1,0,0,1,0,2,1,2,1,2,0,0,0,0,1,0,0,0,0,0,0,0,1,0,0,wiil not buy insurance
4662,1,0,0,2,1,0,1,2,1,2,0,0,0,0,0,0,0,0,0,1,0,0,1,0,0,wiil not buy insurance
4663,1,0,0,1,0,1,1,0,1,3,1,0,0,0,0,0,0,0,0,0,0,0,1,0,0,wiil not buy insurance
4664,1,0,0,2,0,1,2,1,1,1,0,1,0,0,0,0,0,0,0,0,0,0,1,0,0,wiil not buy insurance
4665,0,1,0,2,4,3,0,0,1,1,0,0,0,0,0,0,0,0,0,1,0,0,1,0,0,wiil not buy insurance
4666,0,0,0,2,0,2,2,1,1,1,0,1,0,0,0,0,0,0,0,0,0,0,1,0,0,wiil not buy insurance
4667,0,0,0,1,2,0,2,2,1,2,0,0,0,0,0,1,0,0,0,0,0,0,1,0,0,wiil buy insurance
4668,0,0,0,1,0,2,2,1,1,1,0,0,0,0,1,0,0,0,0,0,0,0,1,0,0,wiil buy insurance
4669,0,0,0,1,2,2,1,1,1,2,0,0,0,0,0,1,0,0,0,0,0,0,1,0,0,wiil buy insurance
4670,0,0,0,1,1,0,2,1,1,2,0,0,0,0,0,0,0,0,0,1,0,0,1,0,0,wiil buy insurance
4671,0,0,0,1,1,2,1,1,1,1,0,0,0,0,1,0,0,0,0,0,0,0,1,0,0,wiil buy insurance
4672,0,0,4,1,2,2,1,1,0,3,0,0,0,0,0,1,0,0,0,0,0,0,0,0,1,wiil buy insurance
4673,0,0,1,1,3,0,1,0,2,1,0,0,0,0,0,0,0,0,0,0,1,0,0,0,1,wiil buy insurance
4674,0,0,6,0,3,3,1,1,2,1,0,0,0,0,0,0,0,0,0,1,0,0,0,0,1,wiil buy insurance
4675,1,0,0,2,3,0,1,2,1,0,0,0,0,0,0,0,1,0,0,0,0,0,1,0,0,wiil not buy insurance
4676,1,0,0,2,0,0,2,1,1,0,1,0,0,0,0,0,0,0,0,0,0,0,1,0,0,wiil not buy insurance
4677,0,0,3,1,4,0,1,1,0,1,0,0,0,0,1,0,0,0,0,0,0,0,0,0,1,wiil buy insurance
4678,1,0,0,2,3,2,2,1,1,1,0,0,0,0,0,1,0,0,0,0,0,0,1,0,0,wiil not buy insurance
4679,0,0,0,1,4,1,0,2,1,2,0,0,0,0,1,0,0,0,0,0,0,0,1,0,0,wiil buy insurance
4680,0,1,0,1,1,2,0,2,1,3,0,1,0,0,0,0,0,0,0,0,0,0,1,0,0,wiil not buy insurance
4681,1,0,1,1,0,1,2,1,2,1,0,1,0,0,0,0,0,0,0,0,0,1,0,0,0,wiil not buy insurance
4682,1,1,0,2,0,2,2,2,1,3,0,0,0,0,0,0,0,0,0,1,0,0,1,0,0,wiil not buy insurance
4683,0,0,0,2,1,1,2,2,1,3,1,0,0,0,0,0,0,0,0,0,0,0,1,0,0,wiil not buy insurance
4684,0,0,2,0,2,0,2,0,0,1,0,0,0,0,0,1,0,0,0,0,0,0,0,1,0,wiil buy insurance
4685,1,1,0,1,3,1,2,1,1,3,0,0,0,0,0,1,0,0,0,0,0,0,1,0,0,wiil not buy insurance
4686,1,0,12,1,4,1,2,2,2,1,0,1,0,0,0,0,0,0,0,0,0,1,0,0,0,wiil buy insurance
4687,0,0,0,1,0,3,2,2,1,1,0,0,0,0,1,0,0,0,0,0,0,0,1,0,0,wiil buy insurance
4688,1,0,0,1,1,2,2,2,1,3,0,0,0,0,0,0,0,0,0,1,0,0,1,0,0,wiil not buy insurance
4689,1,1,0,2,3,1,2,0,1,3,1,0,0,0,0,0,0,0,0,0,0,0,1,0,0,wiil not buy insurance
4690,0,1,1,1,3,0,0,2,0,1,0,0,0,0,0,0,0,0,0,1,0,1,0,0,0,wiil buy insurance
4691,0,0,3,1,1,3,0,1,2,2,1,0,0,0,0,0,0,0,0,0,0,1,0,0,0,wiil buy insurance
4692,1,0,1,2,0,2,1,1,0,2,1,0,0,0,0,0,0,0,0,0,0,0,0,0,1,wiil not buy insurance
4693,0,0,0,1,3,2,1,1,1,2,1,0,0,0,0,0,0,0,0,0,0,0,1,0,0,wiil buy insurance
4694,0,0,0,1,3,2,0,1,1,1,0,1,0,0,0,0,0,0,0,0,0,0,1,0,0,wiil buy insurance
4695,1,0,0,1,0,1,1,1,1,2,0,1,0,0,0,0,0,0,0,0,0,0,1,0,0,wiil not buy insurance
4696,1,0,2,2,0,2,2,0,0,1,0,0,0,0,0,0,0,0,0,1,0,1,0,0,0,wiil not buy insurance
4697,0,0,0,1,1,2,0,1,1,2,0,0,0,0,0,0,0,0,0,1,0,0,1,0,0,wiil buy insurance
4698,0,0,0,1,1,2,1,1,1,1,0,0,0,0,0,0,0,1,0,0,0,0,1,0,0,wiil buy insurance
4699,1,1,0,1,3,1,2,2,1,1,1,0,0,0,0,0,0,0,0,0,0,0,1,0,0,wiil not buy insurance
4700,0,0,0,1,4,2,0,2,1,1,0,0,0,0,0,0,0,1,0,0,0,0,1,0,0,wiil buy insurance
4701,1,0,0,2,1,1,1,0,1,1,0,0,0,0,0,0,0,1,0,0,0,0,1,0,0,wiil not buy insurance
4702,0,0,0,1,3,1,2,2,1,1,0,0,0,0,0,0,0,0,0,1,0,0,1,0,0,wiil buy insurance
4703,0,0,0,1,3,2,2,1,1,2,0,0,0,0,0,1,0,0,0,0,0,0,1,0,0,wiil buy insurance
4704,1,0,0,1,0,1,1,1,1,1,0,0,0,0,1,0,0,0,0,0,0,0,1,0,0,wiil not buy insurance
4705,0,0,0,2,3,1,2,1,1,3,0,0,0,0,0,1,0,0,0,0,0,0,1,0,0,wiil not buy insurance
4706,1,0,4,2,4,1,0,0,2,1,0,1,0,0,0,0,0,0,0,0,0,0,0,1,0,wiil not buy insurance
4707,1,0,0,1,1,2,1,1,1,2,0,1,0,0,0,0,0,0,0,0,0,0,1,0,0,wiil not buy insurance
4708,0,0,0,1,1,0,1,0,1,2,0,0,0,0,1,0,0,0,0,0,0,0,1,0,0,wiil buy insurance
4709,0,0,0,1,1,2,2,2,1,1,0,0,0,0,1,0,0,0,0,0,0,0,1,0,0,wiil buy insurance
4710,0,1,0,2,0,2,2,1,1,1,0,0,0,0,0,0,0,0,0,1,0,0,1,0,0,wiil not buy insurance
4711,1,0,0,1,0,2,1,1,1,1,0,0,0,0,0,0,0,1,0,0,0,0,1,0,0,wiil not buy insurance
4712,0,1,0,2,0,1,1,0,1,1,1,0,0,0,0,0,0,0,0,0,0,0,1,0,0,wiil not buy insurance
4713,1,0,0,1,0,1,0,2,1,1,1,0,0,0,0,0,0,0,0,0,0,0,1,0,0,wiil not buy insurance
4714,1,0,0,1,0,0,2,2,1,2,0,0,0,0,0,0,0,0,0,1,0,0,1,0,0,wiil not buy insurance
4715,0,0,0,2,0,1,2,2,1,1,1,0,0,0,0,0,0,0,0,0,0,0,1,0,0,wiil not buy insurance
4716,1,1,0,2,1,2,0,0,1,1,0,0,0,0,0,0,0,0,0,1,0,0,1,0,0,wiil not buy insurance
4717,1,0,0,1,0,1,1,1,1,1,0,0,0,0,1,0,0,0,0,0,0,0,1,0,0,wiil not buy insurance
4718,0,0,1,2,1,2,2,2,0,2,1,0,0,0,0,0,0,0,0,0,0,0,0,0,1,wiil buy insurance
4719,0,0,0,0,0,2,0,0,1,2,0,0,0,0,1,0,0,0,0,0,0,0,1,0,0,wiil buy insurance
4720,1,0,0,1,4,2,0,2,1,3,0,0,0,0,0,0,1,0,0,0,0,0,1,0,0,wiil not buy insurance
4721,0,0,0,1,0,2,1,1,1,1,0,0,0,0,0,0,0,0,0,1,0,0,1,0,0,wiil buy insurance
4722,1,0,0,1,0,1,2,0,1,2,0,0,0,0,0,0,1,0,0,0,0,0,1,0,0,wiil not buy insurance
4723,0,0,0,2,3,2,1,0,1,3,0,0,0,0,0,1,0,0,0,0,0,0,1,0,0,wiil not buy insurance
4724,1,0,0,2,0,1,1,2,1,2,0,0,0,0,0,0,0,1,0,0,0,0,1,0,0,wiil not buy insurance
4725,0,0,0,1,0,3,0,1,1,1,0,0,0,0,0,0,0,0,0,0,1,0,1,0,0,wiil buy insurance
4726,0,0,0,2,3,2,2,2,1,3,0,0,0,1,0,0,0,0,0,0,0,0,1,0,0,wiil not buy insurance
4727,0,0,0,2,0,2,0,1,1,3,0,0,0,0,0,0,0,0,0,1,0,0,1,0,0,wiil not buy insurance
4728,1,1,0,2,1,2,1,2,1,0,1,0,0,0,0,0,0,0,0,0,0,0,1,0,0,wiil not buy insurance
4729,0,0,0,1,4,1,2,1,1,1,0,0,0,0,1,0,0,0,0,0,0,0,1,0,0,wiil buy insurance
4730,0,0,0,1,0,2,1,2,1,2,0,0,0,0,0,0,0,0,0,1,0,0,1,0,0,wiil buy insurance
4731,1,0,0,1,0,1,2,2,1,1,0,0,0,0,0,0,0,1,0,0,0,0,1,0,0,wiil not buy insurance
4732,1,0,0,2,3,2,1,2,1,1,0,1,0,0,0,0,0,0,0,0,0,0,1,0,0,wiil not buy insurance
4733,1,0,0,0,4,1,0,1,1,1,0,0,0,0,0,0,0,0,0,1,0,0,1,0,0,wiil buy insurance
4734,1,0,0,2,1,1,2,1,1,1,1,0,0,0,0,0,0,0,0,0,0,0,1,0,0,wiil not buy insurance
4735,0,0,0,1,2,1,2,2,1,1,0,0,0,0,0,1,0,0,0,0,0,0,1,0,0,wiil buy insurance
4736,1,0,4,2,1,1,2,0,2,2,0,1,0,0,0,0,0,0,0,0,0,0,0,1,0,wiil not buy insurance
4737,0,0,0,0,0,2,2,0,1,2,0,0,1,0,0,0,0,0,0,0,0,0,1,0,0,wiil buy insurance
4738,1,1,0,1,0,2,1,0,1,1,0,0,0,0,0,0,0,1,0,0,0,0,1,0,0,wiil not buy insurance
4739,0,0,1,1,3,0,1,1,0,1,0,0,0,0,1,0,0,0,0,0,0,1,0,0,0,wiil buy insurance
4740,0,0,0,2,3,2,1,1,1,3,1,0,0,0,0,0,0,0,0,0,0,0,1,0,0,wiil not buy insurance
4741,0,0,3,2,2,3,1,1,0,1,0,0,0,0,0,1,0,0,0,0,0,0,0,0,1,wiil buy insurance
4742,0,0,0,1,0,0,1,0,1,0,0,1,0,0,0,0,0,0,0,0,0,0,1,0,0,wiil buy insurance
4743,0,0,1,1,0,3,2,1,2,2,0,0,0,0,0,0,0,0,0,0,1,0,0,0,1,wiil buy insurance
4744,1,0,0,2,3,1,2,2,1,3,0,0,0,0,0,0,0,0,0,1,0,0,1,0,0,wiil not buy insurance
4745,1,0,0,2,0,2,1,1,1,3,0,0,0,0,0,0,0,0,0,1,0,0,1,0,0,wiil not buy insurance
4746,0,0,7,2,4,1,1,2,0,2,0,0,0,0,0,0,0,0,1,0,0,0,0,0,1,wiil buy insurance
4747,1,0,0,1,4,3,0,1,1,2,0,0,0,0,0,0,0,0,0,1,0,0,1,0,0,wiil not buy insurance
4748,0,0,0,1,4,1,1,2,1,3,0,0,0,0,0,0,0,0,1,0,0,0,1,0,0,wiil buy insurance
4749,0,0,0,0,3,2,2,2,1,2,0,1,0,0,0,0,0,0,0,0,0,0,1,0,0,wiil buy insurance
4750,0,0,0,1,0,2,1,1,1,1,0,0,0,0,0,0,0,0,0,1,0,0,1,0,0,wiil buy insurance
4751,0,0,0,1,0,2,1,1,1,3,1,0,0,0,0,0,0,0,0,0,0,0,1,0,0,wiil buy insurance
4752,0,0,0,2,3,2,0,2,1,1,0,0,0,0,1,0,0,0,0,0,0,0,1,0,0,wiil not buy insurance
4753,0,0,7,2,0,0,0,1,0,1,0,0,0,0,1,0,0,0,0,0,0,0,0,0,1,wiil buy insurance
4754,0,0,1,1,2,3,2,1,2,1,0,0,0,0,0,1,0,0,0,0,0,1,0,0,0,wiil buy insurance
4755,1,0,0,1,0,1,1,1,1,2,0,0,0,0,1,0,0,0,0,0,0,0,1,0,0,wiil not buy insurance
4756,1,0,0,1,0,1,0,1,1,1,0,1,0,0,0,0,0,0,0,0,0,0,1,0,0,wiil not buy insurance
4757,0,0,0,1,0,3,0,2,1,2,0,0,0,0,1,0,0,0,0,0,0,0,1,0,0,wiil not buy insurance
4758,1,0,0,2,0,1,2,0,1,1,1,0,0,0,0,0,0,0,0,0,0,0,1,0,0,wiil not buy insurance
4759,0,0,0,1,1,3,2,1,1,1,0,1,0,0,0,0,0,0,0,0,0,0,1,0,0,wiil not buy insurance
4760,1,0,0,2,0,1,1,2,1,2,0,1,0,0,0,0,0,0,0,0,0,0,1,0,0,wiil not buy insurance
4761,1,1,0,2,1,1,2,2,1,3,0,0,0,0,0,0,0,1,0,0,0,0,1,0,0,wiil not buy insurance
4762,1,0,0,1,0,1,1,0,1,2,0,0,0,0,1,0,0,0,0,0,0,0,1,0,0,wiil not buy insurance
4763,0,0,0,2,1,2,0,2,1,2,0,0,0,0,0,0,0,1,0,0,0,0,1,0,0,wiil not buy insurance
4764,0,1,3,2,1,0,1,2,0,3,1,0,0,0,0,0,0,0,0,0,0,1,0,0,0,wiil not buy insurance
4765,0,0,0,0,0,2,1,0,1,3,0,0,0,0,0,0,0,1,0,0,0,0,1,0,0,wiil buy insurance
4766,1,1,0,2,1,2,2,1,1,3,0,0,0,0,1,0,0,0,0,0,0,0,1,0,0,wiil not buy insurance
4767,0,0,3,1,2,1,2,1,2,2,0,0,0,0,0,1,0,0,0,0,0,0,0,1,0,wiil buy insurance
4768,1,0,0,1,0,1,1,0,1,1,0,1,0,0,0,0,0,0,0,0,0,0,1,0,0,wiil not buy insurance
4769,0,0,0,2,4,2,1,0,1,1,0,0,0,0,0,0,1,0,0,0,0,0,1,0,0,wiil not buy insurance
4770,1,0,0,1,3,1,1,0,1,1,0,0,0,0,1,0,0,0,0,0,0,0,1,0,0,wiil not buy insurance
4771,1,0,0,1,1,1,0,1,1,1,0,0,0,0,0,0,0,0,0,1,0,0,1,0,0,wiil not buy insurance
4772,0,0,0,1,2,2,2,2,1,1,0,1,0,0,0,0,0,0,0,0,0,0,1,0,0,wiil not buy insurance
4773,1,1,4,1,0,1,1,1,0,2,1,0,0,0,0,0,0,0,0,0,0,1,0,0,0,wiil not buy insurance
4774,1,0,0,1,1,1,2,1,1,2,0,1,0,0,0,0,0,0,0,0,0,0,1,0,0,wiil not buy insurance
4775,1,0,0,2,1,2,1,1,1,3,0,0,0,1,0,0,0,0,0,0,0,0,1,0,0,wiil not buy insurance
4776,1,0,0,1,0,1,1,1,1,1,1,0,0,0,0,0,0,0,0,0,0,0,1,0,0,wiil not buy insurance
4777,1,0,2,2,0,1,2,1,2,1,0,0,0,0,1,0,0,0,0,0,0,1,0,0,0,wiil not buy insurance
4778,0,0,0,1,3,1,1,1,1,1,0,0,0,1,0,0,0,0,0,0,0,0,1,0,0,wiil buy insurance
4779,0,0,0,1,0,2,2,1,1,1,0,0,0,0,0,0,0,1,0,0,0,0,1,0,0,wiil buy insurance
4780,1,0,0,1,0,2,1,0,1,1,1,0,0,0,0,0,0,0,0,0,0,0,1,0,0,wiil not buy insurance
4781,1,0,0,2,0,1,0,2,1,2,0,1,0,0,0,0,0,0,0,0,0,0,1,0,0,wiil not buy insurance
4782,0,0,2,2,2,2,2,2,2,1,0,0,0,0,1,0,0,0,0,0,0,1,0,0,0,wiil not buy insurance
4783,1,0,0,1,0,1,2,1,1,2,0,1,0,0,0,0,0,0,0,0,0,0,1,0,0,wiil not buy insurance
4784,0,0,8,1,3,0,1,2,0,3,0,0,0,0,1,0,0,0,0,0,0,0,0,1,0,wiil buy insurance
4785,0,0,0,2,1,2,0,2,1,2,0,0,0,0,1,0,0,0,0,0,0,0,1,0,0,wiil not buy insurance
4786,1,0,0,1,0,1,0,1,1,2,0,0,0,0,1,0,0,0,0,0,0,0,1,0,0,wiil not buy insurance
4787,0,0,0,2,2,3,1,2,1,1,0,0,0,0,0,1,0,0,0,0,0,0,1,0,0,wiil not buy insurance
4788,1,0,0,1,3,1,0,1,1,1,1,0,0,0,0,0,0,0,0,0,0,0,1,0,0,wiil not buy insurance
4789,1,0,8,1,2,0,2,0,0,2,0,0,0,0,0,1,0,0,0,0,0,0,0,0,1,wiil buy insurance
4790,0,0,0,2,2,2,1,0,1,1,0,0,0,0,0,1,0,0,0,0,0,0,1,0,0,wiil not buy insurance
4791,1,0,0,2,0,1,2,0,1,1,1,0,0,0,0,0,0,0,0,0,0,0,1,0,0,wiil not buy insurance
4792,1,0,0,2,0,2,0,1,1,1,1,0,0,0,0,0,0,0,0,0,0,0,1,0,0,wiil not buy insurance
4793,0,1,0,2,0,2,1,1,1,1,0,0,0,0,0,0,1,0,0,0,0,0,1,0,0,wiil not buy insurance
4794,1,0,0,1,0,1,1,1,1,3,1,0,0,0,0,0,0,0,0,0,0,0,1,0,0,wiil not buy insurance
4795,0,0,0,0,0,2,0,1,1,1,0,0,0,0,0,0,0,0,0,1,0,0,1,0,0,wiil buy insurance
4796,0,1,0,2,4,2,1,2,1,2,0,0,0,0,0,0,0,0,0,1,0,0,1,0,0,wiil not buy insurance
4797,0,0,0,1,1,1,2,1,1,2,0,0,0,0,0,0,0,0,0,1,0,0,1,0,0,wiil buy insurance
4798,0,0,0,1,1,2,1,0,1,2,0,0,0,0,1,0,0,0,0,0,0,0,1,0,0,wiil buy insurance
4799,0,0,0,2,0,2,1,2,1,1,0,0,0,0,1,0,0,0,0,0,0,0,1,0,0,wiil not buy insurance
4800,1,0,2,1,0,1,0,1,2,2,0,0,0,0,1,0,0,0,0,0,0,1,0,0,0,wiil not buy insurance
4801,1,0,0,2,0,1,1,0,1,1,0,1,0,0,0,0,0,0,0,0,0,0,1,0,0,wiil not buy insurance
4802,0,0,0,1,2,2,0,2,1,1,0,0,0,0,0,1,0,0,0,0,0,0,1,0,0,wiil buy insurance
4803,1,0,0,2,0,0,2,0,1,1,0,0,0,0,0,0,0,0,0,1,0,0,1,0,0,wiil not buy insurance
4804,1,0,0,1,4,1,0,2,1,1,0,1,0,0,0,0,0,0,0,0,0,0,1,0,0,wiil not buy insurance
4805,1,0,0,2,0,1,0,1,1,1,0,0,0,0,0,0,0,0,0,1,0,0,1,0,0,wiil not buy insurance
4806,0,0,0,2,1,3,2,1,1,1,0,0,0,0,0,0,0,0,0,1,0,0,1,0,0,wiil not buy insurance
4807,0,0,0,2,1,2,2,0,1,3,0,0,0,0,1,0,0,0,0,0,0,0,1,0,0,wiil not buy insurance
4808,0,0,0,1,2,3,2,2,1,1,0,0,0,0,0,1,0,0,0,0,0,0,1,0,0,wiil buy insurance
4809,1,0,0,2,4,3,0,1,1,1,0,0,0,0,1,0,0,0,0,0,0,0,1,0,0,wiil not buy insurance
4810,1,0,2,1,0,1,2,1,2,0,0,0,0,0,1,0,0,0,0,0,0,1,0,0,0,wiil buy insurance
4811,1,1,3,2,2,1,2,2,0,1,0,0,0,0,1,0,0,0,0,0,0,1,0,0,0,wiil not buy insurance
4812,1,0,0,2,1,1,1,1,1,3,1,0,0,0,0,0,0,0,0,0,0,0,1,0,0,wiil not buy insurance
4813,0,0,0,2,4,2,1,2,1,2,0,0,0,0,0,0,0,0,1,0,0,0,1,0,0,wiil not buy insurance
4814,1,0,1,2,3,2,1,0,2,1,1,0,0,0,0,0,0,0,0,0,0,0,0,0,1,wiil buy insurance
4815,0,0,0,2,1,2,0,1,1,3,0,0,0,0,1,0,0,0,0,0,0,0,1,0,0,wiil not buy insurance
4816,0,0,0,2,2,1,1,1,1,1,0,0,0,0,0,1,0,0,0,0,0,0,1,0,0,wiil not buy insurance
4817,1,0,0,2,3,2,0,1,1,1,0,0,1,0,0,0,0,0,0,0,0,0,1,0,0,wiil not buy insurance
4818,1,0,0,1,0,2,2,1,1,1,0,0,0,0,0,0,0,0,0,1,0,0,1,0,0,wiil not buy insurance
4819,1,0,0,1,3,1,1,0,1,3,0,0,0,0,0,0,0,0,0,0,1,0,1,0,0,wiil not buy insurance
4820,1,0,0,0,0,1,2,2,1,2,0,0,0,0,0,0,0,1,0,0,0,0,1,0,0,wiil buy insurance
4821,0,0,5,1,1,2,2,0,2,1,0,0,0,0,0,0,0,0,0,0,1,0,0,0,1,wiil buy insurance
4822,1,0,1,2,4,1,2,0,2,3,0,0,0,0,1,0,0,0,0,0,0,1,0,0,0,wiil not buy insurance
4823,0,0,0,2,3,2,1,1,1,1,1,0,0,0,0,0,0,0,0,0,0,0,1,0,0,wiil not buy insurance
4824,0,0,1,1,0,3,2,1,2,3,0,0,0,0,1,0,0,0,0,0,0,0,0,1,0,wiil buy insurance
4825,0,0,0,0,3,2,1,2,1,1,0,1,0,0,0,0,0,0,0,0,0,0,1,0,0,wiil buy insurance
4826,1,0,3,1,1,1,2,1,2,1,1,0,0,0,0,0,0,0,0,0,0,1,0,0,0,wiil buy insurance
4827,0,0,1,1,3,2,2,2,0,1,0,0,0,0,0,0,0,0,0,1,0,0,0,0,1,wiil buy insurance
4828,1,0,0,2,4,1,0,2,1,3,0,1,0,0,0,0,0,0,0,0,0,0,1,0,0,wiil not buy insurance
4829,1,0,0,0,4,1,2,0,1,2,1,0,0,0,0,0,0,0,0,0,0,0,1,0,0,wiil buy insurance
4830,1,1,0,0,1,0,2,1,1,2,0,0,0,0,1,0,0,0,0,0,0,0,1,0,0,wiil buy insurance
4831,0,1,0,2,3,3,1,1,1,1,0,0,0,0,0,1,0,0,0,0,0,0,1,0,0,wiil not buy insurance
4832,0,0,5,2,0,3,0,1,0,2,0,0,0,0,1,0,0,0,0,0,0,0,0,1,0,wiil not buy insurance
4833,1,0,0,2,3,1,0,2,1,2,0,0,0,0,0,0,0,0,0,1,0,0,1,0,0,wiil not buy insurance
4834,1,0,0,2,0,1,0,2,1,1,0,0,0,0,0,0,0,1,0,0,0,0,1,0,0,wiil not buy insurance
4835,0,0,4,2,1,1,1,2,2,2,0,1,0,0,0,0,0,0,0,0,0,0,0,1,0,wiil not buy insurance
4836,0,0,0,1,2,3,2,1,1,0,0,0,0,0,1,0,0,0,0,0,0,0,1,0,0,wiil buy insurance
4837,0,0,0,1,0,1,1,1,1,1,0,1,0,0,0,0,0,0,0,0,0,0,1,0,0,wiil not buy insurance
4838,0,0,0,0,1,2,0,2,1,2,0,0,0,0,0,0,0,0,0,1,0,0,1,0,0,wiil buy insurance
4839,1,0,2,1,0,2,0,1,0,2,0,0,0,0,1,0,0,0,0,0,0,0,0,1,0,wiil not buy insurance
4840,0,0,7,1,4,0,1,1,0,3,0,0,0,0,0,0,0,0,1,0,0,0,0,1,0,wiil buy insurance
4841,0,1,0,1,4,2,0,2,1,1,0,0,0,0,0,0,0,1,0,0,0,0,1,0,0,wiil not buy insurance
4842,1,0,0,1,0,1,1,1,1,1,0,0,0,0,0,0,0,0,0,1,0,0,1,0,0,wiil not buy insurance
4843,0,0,1,1,4,0,2,2,2,2,1,0,0,0,0,0,0,0,0,0,0,0,0,1,0,wiil buy insurance
4844,0,0,5,1,0,1,1,0,0,2,0,0,0,0,1,0,0,0,0,0,0,0,0,1,0,wiil buy insurance
4845,0,0,0,1,1,2,1,0,1,3,0,1,0,0,0,0,0,0,0,0,0,0,1,0,0,wiil not buy insurance
4846,1,0,0,2,0,0,2,1,1,2,0,1,0,0,0,0,0,0,0,0,0,0,1,0,0,wiil not buy insurance
4847,0,0,0,1,0,3,2,0,1,2,0,0,0,0,1,0,0,0,0,0,0,0,1,0,0,wiil buy insurance
4848,1,0,0,2,1,1,1,2,1,0,0,0,0,0,1,0,0,0,0,0,0,0,1,0,0,wiil not buy insurance
4849,1,0,0,2,1,2,1,0,1,3,0,0,0,0,1,0,0,0,0,0,0,0,1,0,0,wiil not buy insurance
4850,1,0,0,1,1,2,1,1,1,1,0,0,0,0,1,0,0,0,0,0,0,0,1,0,0,wiil not buy insurance
4851,1,0,0,1,0,1,1,1,1,0,0,0,0,0,0,0,0,0,0,1,0,0,1,0,0,wiil not buy insurance
4852,1,0,0,0,1,3,0,1,1,1,0,0,0,0,0,0,0,1,0,0,0,0,1,0,0,wiil buy insurance
4853,0,0,0,1,0,1,0,1,1,2,0,0,0,0,0,0,1,0,0,0,0,0,1,0,0,wiil buy insurance
4854,1,0,0,1,4,2,0,0,1,1,0,0,0,0,0,0,0,1,0,0,0,0,1,0,0,wiil not buy insurance
4855,1,1,0,2,1,0,2,2,1,2,0,0,0,0,1,0,0,0,0,0,0,0,1,0,0,wiil not buy insurance
4856,0,0,0,2,4,2,2,2,1,2,0,0,0,0,0,0,0,0,1,0,0,0,1,0,0,wiil not buy insurance
4857,0,0,0,0,2,0,0,2,1,1,0,0,0,0,0,1,0,0,0,0,0,0,1,0,0,wiil buy insurance
4858,1,0,0,1,0,1,2,1,1,3,0,1,0,0,0,0,0,0,0,0,0,0,1,0,0,wiil not buy insurance
4859,0,0,0,1,4,3,2,1,1,1,0,0,0,0,0,0,1,0,0,0,0,0,1,0,0,wiil buy insurance
4860,0,0,0,1,0,0,1,1,1,2,0,0,0,0,0,0,0,0,0,0,1,0,1,0,0,wiil buy insurance
4861,0,0,0,1,4,3,0,2,1,1,0,0,0,0,0,0,0,1,0,0,0,0,1,0,0,wiil buy insurance
4862,1,0,0,1,0,1,2,2,1,1,0,0,0,0,1,0,0,0,0,0,0,0,1,0,0,wiil not buy insurance
4863,1,0,0,1,4,1,1,1,1,1,0,1,0,0,0,0,0,0,0,0,0,0,1,0,0,wiil not buy insurance
4864,0,0,0,1,0,1,2,2,1,3,1,0,0,0,0,0,0,0,0,0,0,0,1,0,0,wiil buy insurance
4865,0,0,0,2,0,2,1,0,1,1,0,0,0,0,0,0,0,0,0,1,0,0,1,0,0,wiil not buy insurance
4866,1,1,0,1,1,2,0,2,1,3,0,1,0,0,0,0,0,0,0,0,0,0,1,0,0,wiil not buy insurance
4867,0,0,0,1,0,2,2,1,1,0,0,0,0,0,1,0,0,0,0,0,0,0,1,0,0,wiil buy insurance
4868,1,0,3,1,2,0,1,2,2,2,0,0,0,0,1,0,0,0,0,0,0,0,0,0,1,wiil buy insurance
4869,1,0,0,2,0,2,0,1,1,1,0,1,0,0,0,0,0,0,0,0,0,0,1,0,0,wiil not buy insurance
4870,0,1,0,2,3,2,0,2,1,3,0,0,0,0,1,0,0,0,0,0,0,0,1,0,0,wiil not buy insurance
4871,0,0,0,1,4,2,0,2,1,2,0,0,0,0,0,0,0,0,0,1,0,0,1,0,0,wiil buy insurance
4872,0,0,4,2,1,3,2,0,0,2,0,1,0,0,0,0,0,0,0,0,0,0,0,1,0,wiil not buy insurance
4873,1,0,0,1,1,1,0,1,1,2,1,0,0,0,0,0,0,0,0,0,0,0,1,0,0,wiil not buy insurance
4874,0,0,0,1,3,2,0,2,1,2,0,0,0,0,0,0,0,0,0,0,1,0,1,0,0,wiil buy insurance
4875,0,0,0,2,0,2,1,2,1,1,0,0,0,0,0,0,0,0,0,1,0,0,1,0,0,wiil not buy insurance
4876,1,0,11,2,0,0,1,1,0,1,1,0,0,0,0,0,0,0,0,0,0,1,0,0,0,wiil not buy insurance
4877,1,0,0,1,3,1,2,1,1,1,0,0,1,0,0,0,0,0,0,0,0,0,1,0,0,wiil not buy insurance
4878,1,0,0,0,1,0,2,2,1,1,1,0,0,0,0,0,0,0,0,0,0,0,1,0,0,wiil buy insurance
4879,0,0,2,2,4,3,0,1,0,1,0,0,0,0,1,0,0,0,0,0,0,1,0,0,0,wiil not buy insurance
4880,1,0,0,1,4,1,2,0,1,1,1,0,0,0,0,0,0,0,0,0,0,0,1,0,0,wiil buy insurance
4881,1,0,0,1,0,1,2,2,1,1,0,0,0,0,0,0,0,1,0,0,0,0,1,0,0,wiil not buy insurance
4882,0,1,1,1,4,3,2,2,0,1,0,0,0,0,0,0,0,0,0,1,0,0,0,0,1,wiil buy insurance
4883,0,0,0,2,1,2,1,2,1,1,1,0,0,0,0,0,0,0,0,0,0,0,1,0,0,wiil not buy insurance
4884,0,0,0,2,0,2,1,2,1,1,0,0,0,0,0,0,0,0,0,1,0,0,1,0,0,wiil not buy insurance
4885,0,0,0,1,0,0,1,2,1,1,0,0,0,0,1,0,0,0,0,0,0,0,1,0,0,wiil buy insurance
4886,1,0,0,1,3,2,2,0,1,2,0,1,0,0,0,0,0,0,0,0,0,0,1,0,0,wiil not buy insurance
4887,0,0,0,1,3,0,1,1,1,3,0,0,0,0,1,0,0,0,0,0,0,0,1,0,0,wiil buy insurance
4888,0,0,0,2,3,3,0,1,1,3,1,0,0,0,0,0,0,0,0,0,0,0,1,0,0,wiil not buy insurance
4889,1,0,0,1,4,1,2,1,1,2,0,0,0,0,1,0,0,0,0,0,0,0,1,0,0,wiil not buy insurance
4890,0,0,0,1,4,1,0,2,1,1,0,0,0,0,0,0,0,0,1,0,0,0,1,0,0,wiil buy insurance
4891,0,0,0,2,2,2,1,1,1,1,0,0,0,1,0,0,0,0,0,0,0,0,1,0,0,wiil not buy insurance
4892,1,0,0,2,3,1,2,0,1,1,0,0,0,0,0,1,0,0,0,0,0,0,1,0,0,wiil not buy insurance
4893,1,1,0,2,0,1,1,0,1,1,0,0,0,0,0,0,0,1,0,0,0,0,1,0,0,wiil not buy insurance
4894,0,1,0,2,4,3,1,0,1,1,0,1,0,0,0,0,0,0,0,0,0,0,1,0,0,wiil not buy insurance
4895,1,0,12,1,3,1,2,1,2,1,0,0,0,0,0,0,0,0,0,1,0,1,0,0,0,wiil buy insurance
4896,1,0,0,2,0,2,2,0,1,2,0,0,0,0,1,0,0,0,0,0,0,0,1,0,0,wiil not buy insurance
4897,1,0,0,1,1,1,1,2,1,1,0,0,0,0,0,0,0,1,0,0,0,0,1,0,0,wiil not buy insurance
4898,0,0,0,1,0,0,2,0,1,1,0,0,0,0,0,0,0,0,0,1,0,0,1,0,0,wiil buy insurance
4899,0,0,0,2,3,3,0,1,1,1,0,0,0,0,1,0,0,0,0,0,0,0,1,0,0,wiil not buy insurance
4900,0,1,0,2,3,0,1,1,1,2,0,1,0,0,0,0,0,0,0,0,0,0,1,0,0,wiil not buy insurance
4901,0,0,0,1,0,1,1,0,1,1,1,0,0,0,0,0,0,0,0,0,0,0,1,0,0,wiil buy insurance
4902,1,0,0,1,0,1,1,2,1,1,0,0,0,0,1,0,0,0,0,0,0,0,1,0,0,wiil not buy insurance
4903,1,0,2,2,0,1,0,1,2,2,0,0,0,0,1,0,0,0,0,0,0,1,0,0,0,wiil not buy insurance
4904,1,0,0,2,4,1,0,1,1,3,0,0,0,0,0,0,0,0,0,0,1,0,1,0,0,wiil not buy insurance
4905,0,0,0,2,3,3,2,0,1,1,0,0,0,0,1,0,0,0,0,0,0,0,1,0,0,wiil not buy insurance
4906,0,0,0,1,0,0,1,1,1,3,0,0,0,0,0,0,0,0,0,1,0,0,1,0,0,wiil buy insurance
4907,1,0,0,1,0,2,2,2,1,1,0,0,0,0,1,0,0,0,0,0,0,0,1,0,0,wiil not buy insurance
4908,1,0,0,1,4,3,1,0,1,2,1,0,0,0,0,0,0,0,0,0,0,0,1,0,0,wiil not buy insurance
4909,0,0,0,2,3,2,2,1,1,2,0,1,0,0,0,0,0,0,0,0,0,0,1,0,0,wiil not buy insurance
4910,0,0,0,2,3,3,1,2,1,1,0,1,0,0,0,0,0,0,0,0,0,0,1,0,0,wiil not buy insurance
4911,0,0,0,1,3,2,2,2,1,2,0,0,0,0,0,0,0,1,0,0,0,0,1,0,0,wiil buy insurance
4912,0,0,0,1,2,2,1,1,1,1,0,0,0,0,0,1,0,0,0,0,0,0,1,0,0,wiil buy insurance
4913,0,0,5,1,0,2,1,2,2,1,0,0,0,0,1,0,0,0,0,0,0,0,0,0,1,wiil buy insurance
4914,1,0,0,1,0,2,2,2,1,1,0,1,0,0,0,0,0,0,0,0,0,0,1,0,0,wiil not buy insurance
4915,0,0,0,2,1,3,0,2,1,1,1,0,0,0,0,0,0,0,0,0,0,0,1,0,0,wiil not buy insurance
4916,0,0,0,1,2,1,0,0,1,2,0,0,0,0,0,1,0,0,0,0,0,0,1,0,0,wiil buy insurance
4917,1,0,0,2,1,3,0,1,1,1,0,0,0,0,0,0,0,0,0,0,1,0,1,0,0,wiil not buy insurance
4918,1,0,5,2,0,1,2,2,0,1,0,0,0,0,1,0,0,0,0,0,0,1,0,0,0,wiil not buy insurance
4919,1,0,0,2,3,1,2,1,1,1,0,1,0,0,0,0,0,0,0,0,0,0,1,0,0,wiil not buy insurance
4920,1,0,4,0,0,3,2,2,0,1,0,0,0,0,0,0,0,0,0,1,0,1,0,0,0,wiil buy insurance
4921,0,0,2,1,2,2,2,1,0,1,0,0,0,0,0,1,0,0,0,0,0,0,0,0,1,wiil buy insurance
4922,1,0,0,2,1,1,1,0,1,1,1,0,0,0,0,0,0,0,0,0,0,0,1,0,0,wiil not buy insurance
4923,1,0,0,1,0,1,2,1,1,3,0,1,0,0,0,0,0,0,0,0,0,0,1,0,0,wiil not buy insurance
4924,1,0,0,0,1,0,1,2,1,1,0,0,0,0,1,0,0,0,0,0,0,0,1,0,0,wiil buy insurance
4925,1,0,0,0,0,2,2,2,1,2,0,0,0,0,1,0,0,0,0,0,0,0,1,0,0,wiil buy insurance
4926,1,0,0,1,0,1,1,1,1,2,0,0,0,0,1,0,0,0,0,0,0,0,1,0,0,wiil not buy insurance
4927,1,0,2,2,0,1,1,1,2,1,0,0,1,0,0,0,0,0,0,0,0,1,0,0,0,wiil not buy insurance
4928,0,0,0,1,0,2,0,0,1,2,0,0,0,0,0,0,1,0,0,0,0,0,1,0,0,wiil buy insurance
4929,1,0,2,1,3,1,2,1,2,1,0,0,0,0,1,0,0,0,0,0,0,0,0,1,0,wiil buy insurance
4930,1,0,0,0,3,2,1,0,1,3,0,0,1,0,0,0,0,0,0,0,0,0,1,0,0,wiil buy insurance
4931,0,1,0,2,3,2,2,1,1,1,0,0,0,0,0,0,0,1,0,0,0,0,1,0,0,wiil not buy insurance
4932,0,0,0,2,0,3,1,0,1,2,0,0,0,0,1,0,0,0,0,0,0,0,1,0,0,wiil not buy insurance
4933,1,0,0,2,0,0,1,2,1,2,0,0,0,0,0,0,0,1,0,0,0,0,1,0,0,wiil not buy insurance
4934,0,0,0,2,0,2,0,2,1,3,0,0,0,0,0,0,0,1,0,0,0,0,1,0,0,wiil not buy insurance
4935,0,0,0,1,1,2,0,1,1,1,1,0,0,0,0,0,0,0,0,0,0,0,1,0,0,wiil buy insurance
4936,0,0,1,1,3,0,1,1,2,1,0,0,1,0,0,0,0,0,0,0,0,0,0,0,1,wiil buy insurance
4937,1,0,0,1,1,2,0,2,1,3,0,0,0,0,1,0,0,0,0,0,0,0,1,0,0,wiil not buy insurance
4938,0,0,0,1,2,0,2,2,1,1,0,0,0,0,1,0,0,0,0,0,0,0,1,0,0,wiil buy insurance
4939,1,0,0,1,0,0,1,2,1,2,1,0,0,0,0,0,0,0,0,0,0,0,1,0,0,wiil not buy insurance
4940,0,0,0,1,0,1,1,0,1,1,0,0,0,0,0,0,0,0,0,0,1,0,1,0,0,wiil buy insurance
4941,0,0,3,1,2,1,1,2,2,1,0,0,0,0,0,1,0,0,0,0,0,0,0,1,0,wiil buy insurance
4942,0,0,20,1,2,2,2,2,0,2,0,0,0,0,0,1,0,0,0,0,0,1,0,0,0,wiil buy insurance
4943,0,0,0,0,1,2,0,1,1,3,0,0,0,0,0,0,0,0,0,1,0,0,1,0,0,wiil buy insurance
4944,0,1,2,2,1,0,2,2,0,1,0,1,0,0,0,0,0,0,0,0,0,1,0,0,0,wiil not buy insurance
4945,1,0,0,1,0,1,1,0,1,1,0,0,1,0,0,0,0,0,0,0,0,0,1,0,0,wiil not buy insurance
4946,1,1,0,0,1,1,2,2,1,2,0,1,0,0,0,0,0,0,0,0,0,0,1,0,0,wiil buy insurance
4947,1,0,3,1,1,1,2,1,2,3,0,1,0,0,0,0,0,0,0,0,0,0,0,1,0,wiil not buy insurance
4948,0,0,12,1,2,2,0,1,0,0,0,0,0,0,0,1,0,0,0,0,0,1,0,0,0,wiil buy insurance
4949,0,0,0,1,0,2,2,1,1,1,0,0,0,0,0,0,0,0,0,1,0,0,1,0,0,wiil buy insurance
4950,1,0,1,0,1,0,1,1,0,1,0,0,0,0,0,0,0,0,0,1,0,0,0,1,0,wiil buy insurance
4951,0,1,0,2,3,2,1,1,1,2,0,0,0,0,0,1,0,0,0,0,0,0,1,0,0,wiil not buy insurance
4952,0,0,0,1,3,2,0,2,1,2,0,0,0,0,1,0,0,0,0,0,0,0,1,0,0,wiil buy insurance
4953,0,0,2,2,2,3,0,1,0,2,0,0,0,0,0,1,0,0,0,0,0,1,0,0,0,wiil not buy insurance
4954,0,0,0,2,1,2,2,0,1,1,0,1,0,0,0,0,0,0,0,0,0,0,1,0,0,wiil not buy insurance
4955,0,0,0,2,0,2,1,1,1,1,0,0,0,0,0,0,0,0,0,1,0,0,1,0,0,wiil not buy insurance
4956,0,0,0,1,1,0,2,1,1,2,0,0,0,0,1,0,0,0,0,0,0,0,1,0,0,wiil buy insurance
4957,0,0,0,2,0,3,0,2,1,1,0,0,0,0,0,0,0,0,0,1,0,0,1,0,0,wiil not buy insurance
4958,0,0,0,2,4,2,0,1,1,1,0,1,0,0,0,0,0,0,0,0,0,0,1,0,0,wiil not buy insurance
4959,1,0,0,1,4,1,0,1,1,1,0,0,0,0,0,0,0,0,0,1,0,0,1,0,0,wiil not buy insurance
4960,1,0,0,1,4,2,2,1,1,1,0,0,0,0,0,0,0,0,0,1,0,0,1,0,0,wiil not buy insurance
4961,0,0,0,1,0,2,0,1,1,0,0,0,0,0,0,0,0,0,0,1,0,0,1,0,0,wiil buy insurance
4962,1,1,0,2,0,1,0,1,1,2,0,0,0,0,0,0,0,0,0,0,1,0,1,0,0,wiil not buy insurance
4963,1,0,0,1,0,1,1,0,1,1,0,0,0,0,1,0,0,0,0,0,0,0,1,0,0,wiil not buy insurance
4964,1,0,0,1,4,2,0,2,1,1,1,0,0,0,0,0,0,0,0,0,0,0,1,0,0,wiil not buy insurance
4965,1,0,3,2,3,1,2,1,2,3,0,1,0,0,0,0,0,0,0,0,0,1,0,0,0,wiil not buy insurance
4966,0,0,0,1,0,0,2,0,1,2,0,0,0,0,0,0,0,0,0,1,0,0,1,0,0,wiil buy insurance
4967,1,0,0,1,3,2,2,1,1,1,0,0,0,0,0,0,0,0,0,1,0,0,1,0,0,wiil not buy insurance
4968,1,0,0,2,1,1,0,2,1,1,0,1,0,0,0,0,0,0,0,0,0,0,1,0,0,wiil not buy insurance
4969,0,0,0,1,2,2,0,2,1,1,0,0,0,0,0,1,0,0,0,0,0,0,1,0,0,wiil buy insurance
4970,1,1,0,2,1,1,1,1,1,1,0,1,0,0,0,0,0,0,0,0,0,0,1,0,0,wiil not buy insurance
4971,1,0,0,0,3,2,1,1,1,1,0,0,0,0,0,1,0,0,0,0,0,0,1,0,0,wiil buy insurance
4972,1,0,0,2,0,3,0,0,1,1,0,0,0,0,0,0,0,0,0,0,1,0,1,0,0,wiil not buy insurance
4973,0,0,0,1,2,3,1,1,1,2,0,0,0,1,0,0,0,0,0,0,0,0,1,0,0,wiil not buy insurance
4974,0,0,0,1,2,2,1,1,1,0,0,0,0,1,0,0,0,0,0,0,0,0,1,0,0,wiil buy insurance
4975,1,0,0,1,0,3,0,1,1,1,0,0,0,0,0,0,0,0,1,0,0,0,1,0,0,wiil not buy insurance
4976,0,0,0,2,3,2,0,0,1,1,0,0,1,0,0,0,0,0,0,0,0,0,1,0,0,wiil not buy insurance
4977,1,0,1,2,3,3,0,1,2,1,0,0,1,0,0,0,0,0,0,0,0,0,0,1,0,wiil not buy insurance
4978,1,0,0,2,4,1,0,1,1,2,0,0,0,0,1,0,0,0,0,0,0,0,1,0,0,wiil not buy insurance
4979,1,0,0,1,0,2,0,2,1,1,1,0,0,0,0,0,0,0,0,0,0,0,1,0,0,wiil not buy insurance
4980,1,0,0,2,3,1,1,1,1,1,1,0,0,0,0,0,0,0,0,0,0,0,1,0,0,wiil not buy insurance
4981,0,0,0,2,3,1,2,2,1,1,0,0,0,0,0,0,0,0,0,1,0,0,1,0,0,wiil not buy insurance
4982,0,0,0,2,3,2,2,1,1,0,0,0,0,0,0,0,0,0,0,1,0,0,1,0,0,wiil not buy insurance
4983,1,0,0,1,0,1,2,0,1,3,0,0,0,0,0,0,0,1,0,0,0,0,1,0,0,wiil not buy insurance
4984,1,0,0,2,1,2,0,1,1,1,0,1,0,0,0,0,0,0,0,0,0,0,1,0,0,wiil not buy insurance
4985,1,0,1,2,0,1,2,0,2,1,0,1,0,0,0,0,0,0,0,0,0,1,0,0,0,wiil not buy insurance
4986,0,0,0,1,4,0,0,2,1,2,0,0,0,0,0,0,0,0,1,0,0,0,1,0,0,wiil buy insurance
4987,0,0,0,2,3,2,2,1,1,1,0,0,0,0,0,1,0,0,0,0,0,0,1,0,0,wiil not buy insurance
4988,0,0,0,1,0,1,1,1,1,3,0,0,0,0,0,0,0,0,0,1,0,0,1,0,0,wiil buy insurance
4989,0,0,0,1,1,2,1,0,1,3,0,1,0,0,0,0,0,0,0,0,0,0,1,0,0,wiil not buy insurance
4990,1,0,6,1,0,1,1,2,0,2,0,0,0,0,0,0,0,1,0,0,0,1,0,0,0,wiil not buy insurance
4991,1,1,0,2,0,2,0,1,1,2,1,0,0,0,0,0,0,0,0,0,0,0,1,0,0,wiil not buy insurance
4992,0,0,0,1,0,3,2,0,1,1,1,0,0,0,0,0,0,0,0,0,0,0,1,0,0,wiil buy insurance
4993,1,1,1,1,1,1,0,2,2,3,1,0,0,0,0,0,0,0,0,0,0,0,0,1,0,wiil not buy insurance
4994,1,0,0,2,1,2,0,2,1,1,0,0,0,0,0,0,0,1,0,0,0,0,1,0,0,wiil not buy insurance
4995,1,0,1,0,0,1,2,1,2,1,0,1,0,0,0,0,0,0,0,0,0,0,0,1,0,wiil buy insurance
4996,1,0,0,2,0,2,2,2,1,1,1,0,0,0,0,0,0,0,0,0,0,0,1,0,0,wiil not buy insurance
4997,0,0,8,1,3,0,0,2,0,2,0,0,0,0,1,0,0,0,0,0,0,0,0,0,1,wiil buy insurance
4998,0,0,0,2,1,2,0,1,1,2,0,0,0,0,0,0,0,0,0,1,0,0,1,0,0,wiil not buy insurance
4999,0,0,0,2,2,0,0,0,1,0,0,0,0,0,0,1,0,0,0,0,0,0,1,0,0,wiil not buy insurance
5000,0,0,0,0,4,1,1,1,1,1,0,0,0,0,1,0,0,0,0,0,0,0,1,0,0,wiil buy insurance
